black_bg,rel,mean_lum,dark_ratio,verydark_ratio,bright_ratio,border_dark_ratio,border_mean,size_bytes,error
True,attachments/01_source_pdf/extracted_image_blocks/page_01_img_016_xref_15.png,0.0,1.0,1.0,0.0,1.0,0.0,423,
True,attachments/01_source_pdf/extracted_image_blocks/page_01_img_017_xref_17.png,0.0,1.0,1.0,0.0,1.0,0.0,415,
True,attachments/01_source_pdf/extracted_image_blocks/page_01_img_023_xref_34.png,0.0,1.0,1.0,0.0,1.0,0.0,445,
True,attachments/01_source_pdf/extracted_image_blocks/page_01_img_028_xref_44.png,0.0,1.0,1.0,0.0,1.0,0.0,2886,
True,attachments/01_source_pdf/extracted_image_blocks/page_02_img_002_xref_140.png,0.0,1.0,1.0,0.0,1.0,0.0,308,
True,attachments/01_source_pdf/extracted_image_blocks/page_02_img_004_xref_143.png,0.0,1.0,1.0,0.0,1.0,0.0,496,
True,attachments/01_source_pdf/extracted_image_blocks/page_02_img_008_xref_151.png,0.0,1.0,1.0,0.0,1.0,0.0,642,
True,attachments/01_source_pdf/extracted_image_blocks/page_02_img_016_xref_160.png,0.0,1.0,1.0,0.0,1.0,0.0,94,
True,attachments/01_source_pdf/extracted_image_blocks/page_02_img_029_xref_183.png,0.0,1.0,1.0,0.0,1.0,0.0,431,
True,attachments/01_source_pdf/extracted_image_blocks/page_02_img_034_xref_197.png,0.0,1.0,1.0,0.0,1.0,0.0,376,
True,attachments/01_source_pdf/extracted_image_blocks/page_02_img_035_xref_199.png,0.0,1.0,1.0,0.0,1.0,0.0,292,
True,attachments/01_source_pdf/extracted_image_blocks/page_02_img_036_xref_201.png,0.0,1.0,1.0,0.0,1.0,0.0,365,
True,attachments/01_source_pdf/extracted_image_blocks/page_02_img_037_xref_203.png,0.0,1.0,1.0,0.0,1.0,0.0,347,
True,attachments/01_source_pdf/extracted_image_blocks/page_02_img_038_xref_205.png,0.0,1.0,1.0,0.0,1.0,0.0,262,
True,attachments/01_source_pdf/extracted_image_blocks/page_02_img_039_xref_207.png,0.0,1.0,1.0,0.0,1.0,0.0,360,
True,attachments/01_source_pdf/extracted_image_blocks/page_02_img_040_xref_209.png,0.0,1.0,1.0,0.0,1.0,0.0,457,
True,attachments/01_source_pdf/extracted_image_blocks/page_03_img_002_xref_213.png,0.0,1.0,1.0,0.0,1.0,0.0,323,
True,attachments/01_source_pdf/extracted_image_blocks/page_03_img_014_xref_227.png,0.0,1.0,1.0,0.0,1.0,0.0,398,
True,attachments/01_source_pdf/extracted_image_blocks/page_03_img_017_xref_238.png,0.0,1.0,1.0,0.0,1.0,0.0,403,
True,attachments/01_source_pdf/extracted_image_blocks/page_03_img_020_xref_244.png,0.0,1.0,1.0,0.0,1.0,0.0,447,
True,attachments/01_source_pdf/extracted_image_blocks/page_03_img_034_xref_271.png,0.0,1.0,1.0,0.0,1.0,0.0,462,
True,attachments/01_source_pdf/extracted_image_blocks/page_03_img_035_xref_273.png,0.0,1.0,1.0,0.0,1.0,0.0,392,
True,attachments/01_source_pdf/extracted_image_blocks/page_04_img_030_xref_403.png,0.0,1.0,1.0,0.0,1.0,0.0,255,
True,attachments/01_source_pdf/extracted_image_blocks/page_04_img_031_xref_405.png,0.0,1.0,1.0,0.0,1.0,0.0,237,
True,attachments/01_source_pdf/extracted_image_blocks/page_04_img_032_xref_407.png,0.0,1.0,1.0,0.0,1.0,0.0,237,
True,attachments/01_source_pdf/extracted_image_blocks/page_04_img_036_xref_412.png,0.0,1.0,1.0,0.0,1.0,0.0,255,
True,attachments/01_source_pdf/extracted_image_blocks/page_04_img_037_xref_414.png,0.0,1.0,1.0,0.0,1.0,0.0,237,
True,attachments/01_source_pdf/extracted_image_blocks/page_04_img_038_xref_416.png,0.0,1.0,1.0,0.0,1.0,0.0,237,
True,attachments/01_source_pdf/extracted_image_blocks/page_05_img_016_xref_447.png,0.0,1.0,1.0,0.0,1.0,0.0,495,
True,attachments/01_source_pdf/extracted_image_blocks/page_03_img_038_xref_279.png,4.5,0.927,0.925,0.001,0.903,5.9,6638,
True,attachments/01_source_pdf/extracted_image_blocks/page_03_img_049_xref_301.png,5.6,0.964,0.961,0.008,0.981,2.5,12993,
True,attachments/01_source_pdf/extracted_image_blocks/page_03_img_048_xref_299.png,6.0,0.966,0.959,0.005,0.972,4.1,13549,
True,attachments/01_source_pdf/extracted_image_blocks/page_01_img_035_xref_67.png,8.0,0.919,0.897,0.001,0.936,5.2,119946,
True,attachments/01_source_pdf/extracted_image_blocks/page_01_img_036_xref_69.png,9.6,0.908,0.908,0.0,0.982,1.9,623,
True,attachments/01_source_pdf/extracted_image_blocks/page_03_img_050_xref_303.png,10.7,0.931,0.921,0.008,0.994,0.9,9641,
True,attachments/01_source_pdf/extracted_image_blocks/page_03_img_057_xref_315.png,10.7,0.906,0.905,0.003,1.0,0.0,1569,
True,attachments/01_source_pdf/extracted_image_blocks/page_03_img_058_xref_317.png,10.8,0.901,0.9,0.002,1.0,0.0,1415,
True,attachments/01_source_pdf/extracted_image_blocks/page_02_img_025_xref_178.png,11.8,0.903,0.9,0.008,0.924,9.6,12451,
True,attachments/01_source_pdf/extracted_image_blocks/page_03_img_059_xref_319.png,14.3,0.901,0.901,0.003,1.0,0.0,1614,
True,attachments/01_source_pdf/extracted_image_blocks/page_03_img_046_xref_293.png,14.4,0.914,0.87,0.013,0.995,0.5,5331,
True,attachments/01_source_pdf/extracted_image_blocks/page_01_img_014_xref_127.png,15.0,0.81,0.786,0.004,0.96,3.9,15577,
True,attachments/01_source_pdf/extracted_image_blocks/page_01_img_042_xref_85.png,16.0,0.836,0.834,0.0,1.0,0.0,2322,
True,attachments/01_source_pdf/extracted_image_blocks/page_01_img_043_xref_87.png,16.9,0.837,0.834,0.0,1.0,0.0,2218,
True,attachments/01_source_pdf/extracted_image_blocks/page_04_img_021_xref_387.png,17.3,0.89,0.89,0.0,0.956,7.0,759,
True,attachments/01_source_pdf/extracted_image_blocks/page_03_img_047_xref_296.png,18.1,0.89,0.852,0.019,0.87,22.7,6078,
True,attachments/01_source_pdf/extracted_image_blocks/page_03_img_051_xref_305.png,18.2,0.889,0.852,0.018,0.871,22.2,6497,
True,attachments/01_source_pdf/extracted_image_blocks/page_01_img_037_xref_71.png,19.1,0.823,0.817,0.001,0.995,0.6,14803,
True,attachments/01_source_pdf/extracted_image_blocks/page_04_img_005_xref_357.png,20.6,0.889,0.889,0.0,0.946,10.1,835,
True,attachments/01_source_pdf/extracted_image_blocks/page_03_img_045_xref_291.png,21.0,0.852,0.819,0.018,0.874,18.0,55224,
True,attachments/01_source_pdf/extracted_image_blocks/page_04_img_011_xref_368.png,21.3,0.884,0.884,0.0,0.941,10.9,779,
True,attachments/01_source_pdf/extracted_image_blocks/page_04_img_023_xref_391.png,22.9,0.89,0.89,0.036,0.956,9.2,695,
True,attachments/01_source_pdf/extracted_image_blocks/page_01_img_015_xref_13.png,23.3,0.755,0.719,0.011,0.977,3.9,17589,
True,attachments/01_source_pdf/extracted_image_blocks/page_04_img_028_xref_400.png,23.5,0.887,0.887,0.036,0.944,11.6,717,
True,attachments/01_source_pdf/extracted_image_blocks/page_04_img_007_xref_361.png,24.1,0.889,0.889,0.087,0.946,11.8,764,
True,attachments/01_source_pdf/extracted_image_blocks/page_03_img_039_xref_281.png,24.2,0.774,0.766,0.001,1.0,0.0,7849,
True,attachments/01_source_pdf/extracted_image_blocks/page_02_img_017_xref_162.png,24.5,0.703,0.614,0.004,0.998,0.5,18879,
True,attachments/01_source_pdf/extracted_image_blocks/page_04_img_019_xref_383.png,24.5,0.887,0.887,0.091,0.952,10.5,703,
True,attachments/01_source_pdf/extracted_image_blocks/page_04_img_013_xref_372.png,25.2,0.884,0.884,0.094,0.941,13.0,720,
True,attachments/01_source_pdf/extracted_image_blocks/page_04_img_015_xref_375.png,25.2,0.884,0.884,0.1,0.943,12.4,669,
True,attachments/01_source_pdf/extracted_image_blocks/page_01_img_005_xref_11.png,25.4,0.798,0.767,0.007,0.971,4.8,14801,
True,attachments/01_source_pdf/extracted_image_blocks/page_04_img_025_xref_394.png,27.6,0.868,0.868,0.057,0.947,11.2,783,
True,attachments/01_source_pdf/extracted_image_blocks/page_04_img_009_xref_364.png,28.1,0.871,0.871,0.093,0.946,11.8,870,
True,attachments/01_source_pdf/extracted_image_blocks/page_02_img_020_xref_168.png,28.4,0.808,0.645,0.006,0.969,4.6,30578,
True,attachments/01_source_pdf/extracted_image_blocks/page_02_img_019_xref_166.png,28.5,0.826,0.681,0.016,0.931,12.4,36609,
True,attachments/01_source_pdf/extracted_image_blocks/page_01_img_047_xref_92.png,28.7,0.723,0.717,0.002,1.0,0.0,1751,
True,attachments/01_source_pdf/extracted_image_blocks/page_01_img_009_xref_117.png,29.6,0.701,0.689,0.0,1.0,0.0,4911,
True,attachments/01_source_pdf/extracted_image_blocks/page_01_img_038_xref_73.png,31.0,0.708,0.703,0.002,1.0,0.0,5040,
True,attachments/01_source_pdf/extracted_image_blocks/page_03_img_063_xref_327.png,32.7,0.677,0.666,0.0,1.0,0.0,1920,
True,attachments/01_source_pdf/extracted_image_blocks/page_03_img_065_xref_331.png,33.5,0.671,0.661,0.0,1.0,0.0,1932,
True,attachments/01_source_pdf/extracted_image_blocks/page_03_img_040_xref_283.png,34.3,0.719,0.673,0.03,0.549,49.6,12516,
True,attachments/03_original_figures/figures_workspace/image2_real_tactile_window_3d_clean.png,34.6,0.943,0.006,0.002,0.933,34.9,1129361,
True,attachments/01_source_pdf/extracted_image_blocks/page_01_img_004_xref_109.png,34.7,0.68,0.672,0.001,1.0,0.0,5095,
True,attachments/01_source_pdf/extracted_image_blocks/page_01_img_001_xref_103.png,34.8,0.809,0.779,0.074,0.966,6.5,61670,
True,attachments/01_source_pdf/extracted_image_blocks/page_01_img_007_xref_113.png,35.5,0.654,0.651,0.003,1.0,0.0,2038,
True,attachments/01_source_pdf/extracted_image_blocks/page_03_img_064_xref_329.png,35.7,0.645,0.639,0.001,1.0,0.0,2008,
True,attachments/01_source_pdf/extracted_image_blocks/page_02_img_022_xref_172.png,37.0,0.736,0.592,0.019,0.88,17.8,18254,
True,attachments/01_source_pdf/extracted_image_blocks/page_03_img_053_xref_309.png,37.1,0.65,0.619,0.0,1.0,0.0,8400,
True,attachments/01_source_pdf/extracted_image_blocks/page_01_img_003_xref_107.png,37.3,0.658,0.657,0.0,1.0,0.0,5175,
True,attachments/03_original_figures/figures_workspace/image2_real_tactile_window_tensor_stack.png,37.4,0.916,0.025,0.002,0.973,34.0,184114,
True,attachments/01_source_pdf/extracted_image_blocks/page_01_img_046_xref_90.png,37.7,0.799,0.792,0.014,0.972,5.4,4499,
True,attachments/01_source_pdf/extracted_image_blocks/page_01_img_049_xref_96.png,37.8,0.653,0.649,0.001,1.0,0.0,5320,
True,attachments/03_original_figures/figures_workspace/image2_topjournal_variants/image2C_compact_topjournal.png,38.5,0.829,0.005,0.007,0.917,35.8,331056,
True,attachments/01_source_pdf/extracted_image_blocks/page_03_img_055_xref_312.png,38.7,0.628,0.624,0.002,1.0,0.0,6170,
True,attachments/03_original_figures/figures_workspace/image2_real_tactile_window_tensor_stack_clean.png,38.8,0.898,0.03,0.003,0.963,34.7,220721,
True,attachments/01_source_pdf/extracted_image_blocks/page_03_img_052_xref_307.png,39.0,0.631,0.597,0.0,1.0,0.0,5554,
True,attachments/01_source_pdf/extracted_image_blocks/page_01_img_002_xref_105.png,39.1,0.612,0.607,0.001,1.0,0.0,2003,
True,attachments/01_source_pdf/extracted_image_blocks/page_02_img_023_xref_174.png,39.3,0.692,0.578,0.012,1.0,0.0,38085,
True,attachments/03_original_figures/figures_workspace/fig5_individual_evidence_20260430/B_gated_cascade_decision.png,39.5,0.889,0.001,0.002,0.926,38.0,283923,
True,attachments/03_original_figures/figures_workspace/image2_real_tactile_window_exploded.png,39.5,0.894,0.03,0.003,0.958,36.8,272684,
True,attachments/03_original_figures/paper_figures/fig5_individual_evidence_20260430/B_gated_cascade_decision.png,39.5,0.889,0.001,0.002,0.926,38.0,283923,
True,attachments/03_original_figures/figures_workspace/image2_real_tactile_window_3d.png,39.8,0.828,0.009,0.004,0.86,37.8,1441110,
True,attachments/03_original_figures/figures_workspace/image2_topjournal_variants/image2B_evidence_architecture_topjournal.png,41.5,0.844,0.007,0.01,0.911,37.5,466267,
True,attachments/01_source_pdf/extracted_image_blocks/page_02_img_024_xref_176.png,41.6,0.633,0.527,0.007,0.684,23.7,212768,
True,attachments/01_source_pdf/extracted_image_blocks/page_05_img_009_xref_433.png,41.6,0.605,0.602,0.001,1.0,0.0,3200,
True,attachments/03_original_figures/figures_workspace/image2_v5r5_hybrid_real3d_25d_architecture.png,41.7,0.882,0.004,0.0,0.943,36.1,215183,
True,attachments/03_original_figures/figures_workspace/image2_fig4B_data_format_20260430.png,42.1,0.885,0.001,0.001,0.966,35.2,203688,
True,attachments/01_source_pdf/extracted_image_blocks/page_03_img_032_xref_267.png,42.5,0.506,0.486,0.007,0.94,6.4,114817,
True,attachments/01_source_pdf/extracted_image_blocks/page_02_img_007_xref_149.png,43.1,0.513,0.505,0.0,0.898,7.8,168287,
True,attachments/01_source_pdf/extracted_image_blocks/page_05_img_012_xref_439.png,43.5,0.578,0.536,0.0,1.0,0.0,9957,
True,attachments/03_original_figures/figures_workspace/Fig5_topjournal_realtime_evidence_20260430.png,43.7,0.811,0.01,0.002,0.821,41.7,449729,
True,attachments/03_original_figures/paper_figures/Fig5_topjournal_realtime_evidence_20260430.png,43.7,0.811,0.01,0.002,0.821,41.7,449729,
True,attachments/03_original_figures/figures_workspace/image2_topjournal_variants/image2A_two_level_topjournal.png,43.8,0.789,0.003,0.008,0.847,40.2,397066,
True,attachments/01_source_pdf/extracted_image_blocks/page_03_img_033_xref_269.png,44.9,0.468,0.446,0.007,0.899,9.3,124313,
True,attachments/03_original_figures/figures_workspace/image2_v5r5_stacked_tensor_architecture.png,45.2,0.825,0.005,0.0,0.932,37.1,235451,
True,attachments/01_source_pdf/extracted_image_blocks/page_01_img_024_xref_36.png,45.8,0.726,0.724,0.006,0.956,6.7,70992,
True,attachments/01_source_pdf/extracted_image_blocks/page_01_img_030_xref_52.png,45.9,0.618,0.237,0.009,0.937,16.4,1516,
True,attachments/01_source_pdf/extracted_image_blocks/page_01_img_031_xref_54.png,46.0,0.372,0.272,0.003,0.683,28.0,14393,
True,attachments/01_source_pdf/extracted_image_blocks/page_02_img_006_xref_147.png,46.1,0.48,0.469,0.001,0.819,14.9,182839,
True,attachments/01_source_pdf/extracted_image_blocks/page_03_img_041_xref_285.png,46.1,0.684,0.652,0.059,0.731,30.2,20975,
True,attachments/03_original_figures/figures_workspace/fig5_individual_evidence_20260430/A_realtime_gate_sequence.png,46.2,0.795,0.006,0.002,0.781,45.8,425406,
True,attachments/03_original_figures/paper_figures/fig5_individual_evidence_20260430/A_realtime_gate_sequence.png,46.2,0.795,0.006,0.002,0.781,45.8,425406,
True,attachments/01_source_pdf/extracted_image_blocks/page_03_img_031_xref_265.png,46.3,0.469,0.448,0.01,0.885,11.2,117612,
True,attachments/01_source_pdf/extracted_image_blocks/page_03_img_030_xref_263.png,46.5,0.475,0.45,0.011,0.918,7.9,124065,
True,attachments/03_original_figures/figures_workspace/fig5_individual_evidence_20260430/F_boundary_failure_audit.png,46.6,0.877,0.004,0.006,0.899,41.0,264699,
True,attachments/03_original_figures/paper_figures/fig5_individual_evidence_20260430/F_boundary_failure_audit.png,46.6,0.877,0.004,0.006,0.899,41.0,264699,
True,attachments/01_source_pdf/extracted_image_blocks/page_03_img_028_xref_259.png,47.0,0.46,0.432,0.011,0.872,12.4,141026,
True,attachments/01_source_pdf/extracted_image_blocks/page_03_img_029_xref_261.png,47.2,0.465,0.445,0.015,0.908,8.7,128876,
True,attachments/01_source_pdf/extracted_image_blocks/page_02_img_021_xref_170.png,47.3,0.626,0.626,0.047,1.0,0.0,2549,
True,attachments/01_source_pdf/extracted_image_blocks/page_03_img_018_xref_240.png,47.7,0.58,0.511,0.0,1.0,0.0,2431,
True,attachments/01_source_pdf/extracted_image_blocks/page_02_img_005_xref_145.png,49.1,0.486,0.478,0.001,0.836,22.3,182427,
True,attachments/01_source_pdf/extracted_image_blocks/page_03_img_037_xref_277.png,49.5,0.642,0.523,0.022,0.882,15.7,42825,
True,attachments/01_source_pdf/extracted_image_blocks/page_05_img_014_xref_443.png,50.6,0.529,0.446,0.0,1.0,0.0,4474,
True,attachments/01_source_pdf/extracted_image_blocks/page_05_img_011_xref_437.png,51.0,0.526,0.436,0.0,1.0,0.0,5463,
True,attachments/01_source_pdf/extracted_image_blocks/page_01_img_021_xref_30.png,51.3,0.72,0.697,0.011,0.89,19.5,23696,
True,attachments/01_source_pdf/extracted_image_blocks/page_01_img_020_xref_28.png,51.4,0.654,0.647,0.007,0.938,8.2,65349,
True,attachments/01_source_pdf/extracted_image_blocks/page_03_img_019_xref_242.png,51.9,0.476,0.4,0.0,1.0,0.0,3380,
True,attachments/01_source_pdf/extracted_image_blocks/page_05_img_015_xref_445.png,52.0,0.488,0.394,0.0,1.0,0.0,5375,
True,attachments/01_source_pdf/extracted_image_blocks/page_05_img_017_xref_449.png,52.2,0.465,0.412,0.0,1.0,0.0,4493,
True,attachments/01_source_pdf/extracted_image_blocks/page_03_img_061_xref_323.png,52.6,0.588,0.587,0.084,1.0,0.0,4894,
True,attachments/01_source_pdf/extracted_image_blocks/page_03_img_027_xref_257.png,52.9,0.377,0.359,0.002,0.892,11.0,168308,
True,attachments/01_source_pdf/extracted_image_blocks/page_03_img_023_xref_249.png,53.5,0.424,0.417,0.002,0.95,5.8,145250,
True,attachments/01_source_pdf/extracted_image_blocks/page_03_img_026_xref_255.png,53.6,0.419,0.41,0.002,0.945,6.2,167293,
True,attachments/03_original_figures/figures_workspace/fig5_individual_evidence_20260430/Fig5_component_contact_sheet.png,54.4,0.766,0.025,0.035,0.832,49.1,594294,
True,attachments/03_original_figures/paper_figures/fig5_individual_evidence_20260430/Fig5_component_contact_sheet.png,54.4,0.766,0.025,0.035,0.832,49.1,594294,
True,attachments/01_source_pdf/extracted_image_blocks/page_01_img_022_xref_32.png,55.6,0.698,0.677,0.012,0.98,3.7,7910,
True,attachments/01_source_pdf/extracted_image_blocks/page_03_img_022_xref_247.png,55.6,0.387,0.379,0.002,0.855,15.8,137489,
True,attachments/01_source_pdf/extracted_image_blocks/page_01_img_048_xref_94.png,56.5,0.418,0.415,0.0,1.0,0.0,2211,
True,attachments/01_source_pdf/extracted_image_blocks/page_04_img_039_xref_418.png,56.6,0.538,0.527,0.022,0.959,5.4,15244,
True,attachments/01_source_pdf/extracted_image_blocks/page_03_img_016_xref_231.png,57.7,0.342,0.315,0.014,0.683,25.8,654397,
True,attachments/01_source_pdf/extracted_image_blocks/page_04_img_040_xref_425.png,57.9,0.512,0.481,0.003,0.975,3.2,29280,
True,attachments/01_source_pdf/extracted_image_blocks/page_02_img_018_xref_164.png,58.2,0.584,0.584,0.019,0.932,10.2,14389,
True,attachments/01_source_pdf/extracted_image_blocks/page_03_img_025_xref_253.png,58.4,0.362,0.345,0.002,0.84,15.7,163213,
True,attachments/03_original_figures/figures_workspace/fig5_individual_evidence_20260430/D_locked_quantitative_evidence.png,59.4,0.769,0.001,0.088,0.836,47.1,642006,
True,attachments/03_original_figures/paper_figures/fig5_individual_evidence_20260430/D_locked_quantitative_evidence.png,59.4,0.769,0.001,0.088,0.836,47.1,642006,
True,attachments/01_source_pdf/extracted_image_blocks/page_05_img_013_xref_441.png,59.6,0.292,0.29,0.0,1.0,1.3,2532,
True,attachments/03_original_figures/figures_workspace/fig5_individual_evidence_20260430/C_task_guided_scorecam_mechanism.png,59.9,0.733,0.157,0.062,0.877,44.8,382437,
True,attachments/03_original_figures/paper_figures/fig5_individual_evidence_20260430/C_task_guided_scorecam_mechanism.png,59.9,0.733,0.157,0.062,0.877,44.8,382437,
True,attachments/01_source_pdf/extracted_image_blocks/page_03_img_024_xref_251.png,60.2,0.356,0.341,0.002,0.849,15.9,160511,
True,attachments/01_source_pdf/extracted_image_blocks/page_05_img_008_xref_431.png,60.6,0.438,0.158,0.0,1.0,15.9,2968,
True,attachments/01_source_pdf/extracted_image_blocks/page_01_img_010_xref_119.png,61.0,0.638,0.634,0.038,0.965,5.0,291504,
True,attachments/01_source_pdf/extracted_image_blocks/page_01_img_018_xref_24.png,61.4,0.61,0.602,0.005,0.97,4.4,144995,
True,attachments/01_source_pdf/extracted_image_blocks/page_03_img_015_xref_229.png,62.6,0.337,0.326,0.011,0.7,25.2,589977,
True,attachments/01_source_pdf/extracted_image_blocks/page_03_img_060_xref_321.png,63.0,0.598,0.598,0.086,1.0,0.0,4996,
True,attachments/01_source_pdf/extracted_image_blocks/page_05_img_010_xref_435.png,64.1,0.397,0.357,0.0,1.0,0.0,16536,
True,attachments/01_source_pdf/extracted_image_blocks/page_03_img_062_xref_325.png,64.2,0.582,0.582,0.084,1.0,0.0,5044,
True,attachments/01_source_pdf/extracted_image_blocks/page_01_img_040_xref_81.png,67.5,0.594,0.483,0.078,0.95,8.3,42447,
True,attachments/01_source_pdf/extracted_image_blocks/page_01_img_008_xref_115.png,73.0,0.365,0.25,0.0,1.0,0.0,2606,
True,attachments/01_source_pdf/extracted_image_blocks/page_01_img_033_xref_63.png,75.3,0.335,0.312,0.015,0.745,28.4,203990,
True,attachments/01_source_pdf/extracted_image_blocks/page_01_img_027_xref_42.png,77.2,0.53,0.528,0.051,0.782,32.0,301943,
True,attachments/01_source_pdf/extracted_image_blocks/page_01_img_019_xref_26.png,78.7,0.552,0.548,0.099,0.882,18.1,111060,
True,attachments/01_source_pdf/extracted_image_blocks/page_01_img_011_xref_121.png,78.8,0.528,0.524,0.175,0.943,8.6,156716,
True,attachments/01_source_pdf/extracted_image_blocks/page_01_img_012_xref_123.png,83.6,0.493,0.492,0.012,0.883,19.2,136645,
True,attachments/01_source_pdf/extracted_image_blocks/page_01_img_006_xref_111.png,91.4,0.465,0.462,0.007,0.936,9.8,73803,
True,attachments/01_source_pdf/extracted_image_blocks/page_03_img_056_xref_314.png,95.4,0.487,0.029,0.193,0.491,117.2,368123,
True,attachments/01_source_pdf/extracted_image_blocks/page_01_img_026_xref_40.png,96.7,0.443,0.439,0.046,0.717,48.1,195401,
True,attachments/03_original_figures/figures_workspace/fig5_individual_evidence_20260430/E_physical_matrix_generalization.png,97.6,0.469,0.016,0.137,0.866,39.9,530239,
True,attachments/03_original_figures/paper_figures/fig5_individual_evidence_20260430/E_physical_matrix_generalization.png,97.6,0.469,0.016,0.137,0.866,39.9,530239,
True,attachments/01_source_pdf/extracted_image_blocks/page_01_img_025_xref_38.png,102.4,0.438,0.428,0.148,0.771,44.6,156352,
True,attachments/01_source_pdf/extracted_image_blocks/page_01_img_013_xref_125.png,108.7,0.412,0.395,0.345,0.832,15.3,155147,
True,attachments/01_source_pdf/extracted_image_blocks/page_01_img_045_xref_9.png,112.0,0.387,0.378,0.281,0.816,27.2,67014,
True,attachments/01_source_pdf/extracted_image_blocks/page_01_img_032_xref_56.png,112.8,0.258,0.24,0.08,0.688,48.1,9364,
True,attachments/01_source_pdf/extracted_image_blocks/page_01_img_034_xref_65.png,113.8,0.355,0.238,0.272,0.673,50.1,267033,
False,attachments/01_source_pdf/extracted_image_blocks/page_03_img_036_xref_275.png,79.5,0.442,0.345,0.061,0.457,80.0,3339333,
False,attachments/01_source_pdf/extracted_image_blocks/page_04_img_020_xref_385.png,80.5,0.26,0.26,0.0,0.474,57.2,2629,
False,attachments/01_source_pdf/extracted_image_blocks/page_04_img_026_xref_396.png,81.2,0.254,0.254,0.0,0.468,57.8,2312,
False,attachments/01_source_pdf/extracted_image_blocks/page_01_img_041_xref_83.png,82.2,0.29,0.224,0.082,0.641,42.7,31053,
False,attachments/01_source_pdf/extracted_image_blocks/page_04_img_016_xref_377.png,93.8,0.302,0.302,0.0,0.515,65.2,2669,
False,attachments/01_source_pdf/extracted_image_blocks/page_03_img_003_xref_215.png,94.1,0.337,0.022,0.061,0.587,55.5,628674,
False,attachments/01_source_pdf/extracted_image_blocks/page_04_img_010_xref_366.png,94.7,0.296,0.296,0.0,0.509,66.0,2591,
False,attachments/01_source_pdf/extracted_image_blocks/page_03_img_054_xref_311.png,95.4,0.058,0.006,0.0,0.106,92.3,114590,
False,attachments/01_source_pdf/extracted_image_blocks/page_04_img_004_xref_355.png,96.5,0.282,0.282,0.0,0.583,56.1,3288,
False,attachments/01_source_pdf/extracted_image_blocks/page_03_img_005_xref_218.png,101.5,0.279,0.011,0.069,0.579,56.1,1288497,
False,attachments/01_source_pdf/extracted_image_blocks/page_04_img_024_xref_392.png,111.4,0.294,0.294,0.0,0.591,64.3,2285,
False,attachments/01_source_pdf/extracted_image_blocks/page_04_img_022_xref_389.png,111.7,0.293,0.293,0.0,0.59,64.5,2460,
False,attachments/01_source_pdf/extracted_image_blocks/page_04_img_027_xref_398.png,112.4,0.288,0.288,0.0,0.587,65.0,2457,
False,attachments/01_source_pdf/extracted_image_blocks/page_04_img_017_xref_379.png,114.0,0.317,0.317,0.0,0.532,78.3,2904,
False,attachments/01_source_pdf/extracted_image_blocks/page_04_img_018_xref_381.png,114.0,0.317,0.317,0.0,0.531,78.5,2466,
False,attachments/01_source_pdf/extracted_image_blocks/page_02_img_015_xref_159.png,114.9,0.338,0.199,0.343,0.07,223.9,41397,
False,attachments/01_source_pdf/extracted_image_blocks/page_04_img_012_xref_370.png,115.1,0.31,0.31,0.0,0.524,79.6,2202,
False,attachments/01_source_pdf/extracted_image_blocks/page_04_img_014_xref_373.png,115.1,0.31,0.31,0.0,0.525,79.5,2277,
False,attachments/01_source_pdf/extracted_image_blocks/page_02_img_011_xref_155.png,116.7,0.247,0.214,0.021,0.552,66.7,322764,
False,attachments/01_source_pdf/extracted_image_blocks/page_04_img_006_xref_359.png,117.7,0.295,0.295,0.0,0.594,68.0,2525,
False,attachments/01_source_pdf/extracted_image_blocks/page_02_img_010_xref_154.png,119.2,0.256,0.227,0.065,0.541,70.9,307529,
False,attachments/01_source_pdf/extracted_image_blocks/page_04_img_008_xref_362.png,119.7,0.283,0.283,0.0,0.495,84.5,2592,
False,attachments/01_source_pdf/extracted_image_blocks/page_03_img_004_xref_216.png,120.2,0.206,0.1,0.12,0.568,50.9,64353,
False,attachments/03_original_figures/source_photos/微信图片_20250925124328_72_2.jpg,122.9,0.069,0.014,0.046,0.122,102.9,55133,
False,attachments/01_source_pdf/extracted_image_blocks/page_02_img_033_xref_196.png,124.1,0.232,0.216,0.049,0.575,74.8,354302,
False,attachments/01_source_pdf/extracted_image_blocks/page_02_img_013_xref_157.png,126.3,0.237,0.221,0.065,0.578,75.7,345803,
False,attachments/01_source_pdf/extracted_image_blocks/page_02_img_032_xref_194.png,126.4,0.22,0.199,0.065,0.557,79.5,165102,
False,attachments/01_source_pdf/extracted_image_blocks/page_02_img_031_xref_187.png,130.1,0.223,0.208,0.085,0.569,78.4,163766,
False,attachments/01_source_pdf/extracted_image_blocks/page_02_img_012_xref_156.png,133.8,0.223,0.19,0.124,0.547,77.8,223103,
False,attachments/03_original_figures/paper_figures/Fig4_physics_evidence_tbme_20260409.png,134.1,0.374,0.261,0.418,0.161,194.9,456989,
False,attachments/01_source_pdf/extracted_image_blocks/page_03_img_043_xref_288.png,135.7,0.116,0.055,0.104,0.037,145.0,285844,
False,attachments/01_source_pdf/extracted_image_blocks/page_02_img_001_xref_138.png,139.9,0.018,0.003,0.01,0.011,129.5,666064,
False,attachments/03_original_figures/source_photos/微信图片_20250925124327_71_2.jpg,140.6,0.091,0.036,0.084,0.072,142.4,116346,
False,attachments/03_original_figures/figures_workspace/scorecam_3d_front_stack_depth.png,147.4,0.257,0.188,0.435,0.042,237.7,70330,
False,attachments/03_original_figures/figures_workspace/scorecam_3d_front_stack_detection.png,148.1,0.256,0.187,0.441,0.042,236.8,73587,
False,attachments/03_original_figures/figures_workspace/scorecam_3d_front_stack_size.png,151.9,0.238,0.167,0.446,0.041,237.9,74715,
False,attachments/01_source_pdf/extracted_image_blocks/page_04_img_029_xref_402.png,153.6,0.009,0.005,0.113,0.026,128.6,162174,
False,attachments/01_source_pdf/extracted_image_blocks/page_03_img_042_xref_287.png,156.2,0.025,0.012,0.067,0.007,168.5,1173187,
False,attachments/01_source_pdf/extracted_image_blocks/page_03_img_021_xref_246.png,156.5,0.009,0.002,0.408,0.003,225.8,1721416,
False,attachments/01_source_pdf/extracted_image_blocks/page_05_img_021_xref_454.png,157.2,0.201,0.039,0.436,0.187,164.3,1337873,
False,attachments/01_source_pdf/extracted_image_blocks/page_01_img_029_xref_51.png,162.0,0.038,0.009,0.311,0.024,227.8,1170783,
False,attachments/01_source_pdf/extracted_image_blocks/page_02_img_003_xref_142.png,162.6,0.011,0.004,0.437,0.01,209.1,1093365,
False,attachments/01_source_pdf/extracted_image_blocks/page_03_img_044_xref_289.png,168.1,0.307,0.307,0.69,0.853,35.4,497,
False,attachments/01_source_pdf/extracted_image_blocks/page_02_img_030_xref_185.png,170.9,0.147,0.136,0.354,0.021,219.4,504249,
False,attachments/01_source_pdf/extracted_image_blocks/page_04_img_003_xref_342.png,173.5,0.097,0.012,0.411,0.051,237.1,188705,
False,attachments/01_source_pdf/extracted_image_blocks/page_02_img_027_xref_181.png,180.6,0.004,0.0,0.508,0.007,185.2,403657,
False,attachments/01_source_pdf/extracted_image_blocks/page_02_img_009_xref_153.png,182.0,0.031,0.017,0.332,0.0,202.2,40432,
False,attachments/01_source_pdf/extracted_image_blocks/page_02_img_014_xref_158.png,182.3,0.051,0.036,0.342,0.011,200.0,55131,
False,attachments/05_data_and_metrics/latest_algorithm/residual_tune_R5_hybrid_20260427/cam_residual_inversion_contact_sheet.png,182.7,0.167,0.031,0.592,0.058,225.4,118662,
False,attachments/05_data_and_metrics/analysis_outputs/positive_frame_mean_0407/positive_frame_mean_0407.png,184.1,0.033,0.004,0.469,0.019,231.7,165068,
False,attachments/05_data_and_metrics/analysis_outputs/positive_frame_mean_0407/positive_frame_grouped_mean_0407_raw_shared_scale.png,187.9,0.073,0.015,0.539,0.048,214.3,423524,
False,attachments/03_original_figures/figures_workspace/FigM1_method_experiment_ab_20260409.png,190.0,0.038,0.014,0.51,0.023,217.5,5163545,
False,attachments/03_original_figures/figures_workspace/FigM1_method_experiment_from_master.png,190.0,0.038,0.014,0.51,0.023,217.5,5163545,
False,attachments/03_original_figures/paper_figures/FigM1_method_experiment_ab_20260409.png,190.0,0.038,0.014,0.51,0.023,217.5,5163545,
False,attachments/03_original_figures/paper_figures/FigM1_method_experiment_from_master.png,190.0,0.038,0.014,0.51,0.023,217.5,5163545,
False,attachments/05_data_and_metrics/analysis_outputs/positive_frame_mean_0407/positive_frame_grouped_mean_0407_per_group_normalized_clean.png,191.3,0.075,0.015,0.551,0.092,186.2,448019,
False,attachments/05_data_and_metrics/analysis_outputs/positive_frame_mean_0407/positive_frame_grouped_mean_0407_raw_shared_scale_clean.png,191.4,0.07,0.014,0.567,0.05,202.6,465220,
False,attachments/03_original_figures/figures_workspace/scorecam_3d_front_stack_clean.png,191.5,0.11,0.058,0.641,0.0,250.1,226174,
False,attachments/05_data_and_metrics/analysis_outputs/positive_frame_mean_0407/positive_frame_grouped_mean_0407_per_group_normalized.png,192.0,0.07,0.013,0.557,0.084,192.0,472212,
False,attachments/01_source_pdf/extracted_image_blocks/page_05_img_020_xref_453.png,192.3,0.142,0.109,0.645,0.133,214.7,292513,
False,attachments/01_source_pdf/extracted_image_blocks/page_05_img_018_xref_451.png,193.3,0.141,0.114,0.653,0.121,219.8,1915853,
False,attachments/01_source_pdf/extracted_image_blocks/page_01_img_039_xref_80.png,195.3,0.017,0.002,0.364,0.006,227.5,162666,
False,attachments/03_original_figures/paper_figures/Fig6_residual_inversion_scorecam_20260427.png,195.3,0.146,0.103,0.659,0.158,186.2,879519,
False,attachments/05_data_and_metrics/latest_algorithm/residual_tune_R5_hybrid_20260427/cam_scorecam_taskguided_R5_auto.png,195.3,0.146,0.103,0.659,0.158,186.2,879519,
False,attachments/01_source_pdf/extracted_image_blocks/page_04_img_002_xref_335.png,197.0,0.007,0.002,0.693,0.012,240.5,205366,
False,attachments/05_data_and_metrics/baselines/outputs_xgboost_baselines/feature_importance/size_classification_top_features.png,197.1,0.0,0.0,0.599,0.0,243.7,149094,
False,attachments/01_source_pdf/extracted_image_blocks/page_02_img_026_xref_180.png,198.2,0.046,0.032,0.606,0.072,211.1,58376,
False,attachments/03_original_figures/figures_workspace/FigR3_bottom_cam_from_master.png,198.2,0.119,0.085,0.668,0.072,225.4,653529,
False,attachments/03_original_figures/paper_figures/FigR3_bottom_cam_from_master.png,198.2,0.119,0.085,0.668,0.072,225.4,653529,
False,attachments/03_original_figures/figures_workspace/Fig3_best_detected_test_windows_compact_turbo.png,200.4,0.089,0.01,0.643,0.042,229.9,923485,
False,attachments/03_original_figures/paper_figures/Fig3_best_detected_test_windows_compact_turbo.png,200.4,0.089,0.01,0.643,0.042,229.9,923485,
False,attachments/03_original_figures/figures_workspace/Fig1_positive_mean_files12_compact_turbo.png,201.5,0.08,0.008,0.644,0.048,229.3,829294,
False,attachments/03_original_figures/paper_figures/Fig1_positive_mean_files12_compact_turbo.png,201.5,0.08,0.008,0.644,0.048,229.3,829294,
False,attachments/05_data_and_metrics/baselines/outputs_xgboost_explainability/depth_confusion_matrix.png,201.7,0.062,0.002,0.589,0.008,242.4,47850,
False,attachments/01_source_pdf/extracted_image_blocks/page_05_img_019_xref_452.png,203.2,0.095,0.07,0.682,0.124,215.2,2219850,
False,attachments/03_original_figures/figures_workspace/master_from_user/method_master.png,205.3,0.023,0.008,0.618,0.019,219.2,8056438,
False,attachments/03_original_figures/figures_workspace/Fig2_negative_mean_files12_compact_turbo.png,208.3,0.037,0.005,0.63,0.008,235.8,756977,
False,attachments/03_original_figures/paper_figures/Fig2_negative_mean_files12_compact_turbo.png,208.3,0.037,0.005,0.63,0.008,235.8,756977,
False,attachments/05_data_and_metrics/baselines/outputs_xgboost_baselines/feature_importance/depth_coarse_top_features.png,209.8,0.0,0.0,0.684,0.0,242.7,137867,
False,attachments/05_data_and_metrics/latest_algorithm/residual_tune_R5_hybrid_20260427/confusion_depth_3class.png,211.3,0.003,0.0,0.718,0.004,243.2,72260,
False,attachments/03_original_figures/figures_workspace/master_from_user/result_master.png,212.9,0.043,0.025,0.716,0.053,214.5,10453342,
False,attachments/01_source_pdf/extracted_image_blocks/page_04_img_042_xref_428.png,214.1,0.005,0.002,0.755,0.01,242.1,290109,
False,attachments/05_data_and_metrics/baselines/outputs_xgboost_explainability/depth_family_share.png,214.3,0.002,0.001,0.724,0.006,245.4,41783,
False,attachments/05_data_and_metrics/latest_algorithm/residual_tune_R5_hybrid_20260427/confusion_deep_vs_rest.png,216.0,0.002,0.0,0.816,0.005,241.4,58133,
False,attachments/03_original_figures/figures_workspace/Fig5_stage3_depth_gt_route.png,216.1,0.015,0.009,0.729,0.025,240.3,121255,
False,attachments/03_original_figures/paper_figures/Fig5_stage3_depth_gt_route.png,216.1,0.015,0.009,0.729,0.025,240.3,121255,
False,attachments/03_original_figures/figures_workspace/FigR2_mid_quant_confusion_from_master.png,218.1,0.009,0.005,0.719,0.023,237.5,1615002,
False,attachments/03_original_figures/paper_figures/FigR2_mid_quant_confusion_from_master.png,218.1,0.009,0.005,0.719,0.023,237.5,1615002,
False,attachments/05_data_and_metrics/baselines/outputs_xgboost_explainability/depth_family_share_tbme.png,218.1,0.003,0.002,0.739,0.009,243.7,72414,
False,attachments/05_data_and_metrics/baselines/outputs_xgboost_explainability/depth_top_contrib.png,219.2,0.001,0.0,0.753,0.001,245.0,102343,
False,attachments/03_original_figures/figures_workspace/FigR1_top_tactile_stats_from_master.png,219.5,0.037,0.01,0.751,0.019,223.7,8522613,
False,attachments/03_original_figures/paper_figures/FigR1_top_tactile_stats_from_master.png,219.5,0.037,0.01,0.751,0.019,223.7,8522613,
False,attachments/03_original_figures/figures_workspace/Fig4_interpretability_tnr.png,219.9,0.073,0.055,0.795,0.029,238.3,650638,
False,attachments/03_original_figures/paper_figures/Fig4_interpretability_tnr.png,219.9,0.073,0.055,0.795,0.029,238.3,650638,
False,attachments/01_source_pdf/extracted_image_blocks/page_01_img_044_xref_89.png,220.9,0.01,0.001,0.753,0.0,224.8,912630,
False,attachments/05_data_and_metrics/baselines/outputs_xgboost_explainability/size_regression_family_share.png,221.1,0.002,0.001,0.769,0.007,244.9,42546,
False,attachments/05_data_and_metrics/baselines/outputs_xgboost_baselines/feature_importance/detection_top_features.png,221.8,0.0,0.0,0.764,0.0,244.7,117151,
False,attachments/05_data_and_metrics/baselines/outputs_xgboost_explainability/size_family_share.png,222.3,0.002,0.001,0.777,0.006,244.7,43226,
False,attachments/03_original_figures/figures_workspace/FigI_intro_overview_from_master.png,223.4,0.014,0.008,0.74,0.0,237.0,2958726,
False,attachments/03_original_figures/figures_workspace/master_from_user/intro_master.png,223.4,0.014,0.008,0.74,0.0,237.0,3145001,
False,attachments/03_original_figures/paper_figures/FigI_intro_overview_from_master.png,223.4,0.014,0.008,0.74,0.0,237.0,2958726,
False,attachments/05_data_and_metrics/baselines/outputs_xgboost_explainability/detection_family_share.png,223.8,0.001,0.001,0.789,0.005,246.0,39199,
False,attachments/05_data_and_metrics/baselines/outputs_xgboost_explainability/size_top_contrib.png,224.0,0.001,0.0,0.784,0.002,244.7,109444,
False,attachments/05_data_and_metrics/latest_algorithm/residual_tune_R5_hybrid_20260427/confusion_size_3bin.png,224.6,0.057,0.002,0.78,0.023,243.5,69510,
False,attachments/05_data_and_metrics/baselines/outputs_xgboost_explainability/Fig_XGB_depth_explainability_tbme.png,225.3,0.016,0.001,0.774,0.005,242.9,402262,
False,attachments/05_data_and_metrics/baselines/outputs_xgboost_explainability/depth_representative_cases_tbme.png,225.7,0.013,0.002,0.788,0.016,232.7,497409,
False,attachments/05_data_and_metrics/baselines/outputs_xgboost_explainability/detection_top_contrib.png,226.2,0.0,0.0,0.801,0.001,243.8,95551,
False,attachments/01_source_pdf/extracted_image_blocks/page_04_img_035_xref_411.png,226.3,0.017,0.002,0.81,0.024,243.7,25177,
False,attachments/01_source_pdf/extracted_image_blocks/page_04_img_041_xref_427.png,226.4,0.003,0.0,0.815,0.004,244.0,616356,
False,attachments/01_source_pdf/extracted_image_blocks/page_03_img_013_xref_226.png,227.5,0.003,0.001,0.829,0.005,248.6,180008,
False,attachments/01_source_pdf/extracted_image_blocks/page_03_img_012_xref_225.png,228.1,0.045,0.013,0.85,0.005,248.5,149903,
False,attachments/05_data_and_metrics/baselines/outputs_xgboost_explainability/depth_classwise_concept_heatmap_tbme.png,228.7,0.013,0.0,0.838,0.002,245.8,165275,
False,attachments/03_original_figures/figures_workspace/FigM2_method_model_c_20260409.png,229.4,0.014,0.007,0.809,0.006,238.4,1994784,
False,attachments/03_original_figures/figures_workspace/FigM2_method_model_from_master.png,229.4,0.014,0.007,0.809,0.006,238.4,1994784,
False,attachments/03_original_figures/paper_figures/FigM2_method_model_c_20260409.png,229.4,0.014,0.007,0.809,0.006,238.4,1994784,
False,attachments/03_original_figures/paper_figures/FigM2_method_model_from_master.png,229.4,0.014,0.007,0.809,0.006,238.4,1994784,
False,attachments/05_data_and_metrics/baselines/outputs_xgboost_explainability/size_regression_top_contrib.png,229.5,0.001,0.0,0.821,0.002,244.2,111244,
False,attachments/03_original_figures/figures_workspace/image2_forward_propagation_cnn_mstcn.png,232.1,0.003,0.0,0.859,0.001,235.8,344807,
False,attachments/05_data_and_metrics/baselines/outputs_xgboost_explainability/size_confusion_matrix.png,232.2,0.015,0.003,0.857,0.01,244.5,64180,
False,attachments/05_data_and_metrics/baselines/outputs_xgboost_explainability/depth_concept_share.png,232.8,0.001,0.0,0.844,0.003,243.9,78843,
False,attachments/03_original_figures/figures_workspace/ai_v5r5_modular_topjournal_candidate.png,234.5,0.015,0.007,0.861,0.016,236.5,1419852,
False,attachments/05_data_and_metrics/baselines/outputs_xgboost_explainability/depth_local_explanations.png,234.7,0.0,0.0,0.839,0.0,240.7,217800,
False,attachments/03_original_figures/figures_workspace/scorecam_3d_temporal_stack_size.png,235.4,0.0,0.0,0.836,0.001,248.1,845249,
False,attachments/03_original_figures/figures_workspace/image2_real_modules_final_algorithm.png,235.5,0.0,0.0,0.857,0.0,243.4,488738,
False,attachments/03_original_figures/figures_workspace/scorecam_3d_temporal_stack_detection.png,235.9,0.0,0.0,0.836,0.001,247.8,821948,
False,attachments/05_data_and_metrics/latest_algorithm/residual_tune_R5_hybrid_20260427/confusion_size_7class.png,236.0,0.012,0.001,0.873,0.002,246.7,92653,
False,attachments/03_original_figures/figures_workspace/Fig2_selected_feature_significance_tnr.png,236.2,0.0,0.0,0.887,0.0,244.5,1115774,
False,attachments/03_original_figures/paper_figures/Fig2_selected_feature_significance_tnr.png,236.2,0.0,0.0,0.887,0.0,244.5,1115774,
False,attachments/01_source_pdf/rendered_pages/page_02.png,236.3,0.013,0.009,0.848,0.0,255.0,5425532,
False,attachments/03_original_figures/figures_workspace/Fig3_quantitative_comparison_tnr.png,237.0,0.0,0.0,0.849,0.0,250.0,884845,
False,attachments/03_original_figures/paper_figures/Fig3_quantitative_comparison_tnr.png,237.0,0.0,0.0,0.849,0.0,250.0,884845,
False,attachments/01_source_pdf/rendered_pages/page_03.png,237.1,0.009,0.002,0.872,0.0,255.0,5756777,
False,attachments/03_original_figures/figures_workspace/scorecam_3d_temporal_stack_depth.png,237.4,0.0,0.0,0.837,0.001,248.0,842734,
False,attachments/01_source_pdf/extracted_image_blocks/page_04_img_033_xref_409.png,237.6,0.019,0.003,0.888,0.037,237.9,25279,
False,attachments/03_original_figures/figures_workspace/scorecam_3d_task_evidence.png,238.1,0.001,0.0,0.819,0.0,244.7,1287402,
False,attachments/03_original_figures/figures_workspace/image2_combined_inference_and_modules_20260430.png,239.1,0.002,0.0,0.897,0.004,239.3,2979034,
False,attachments/03_original_figures/figures_workspace/v5r5_curve_options/v5r5_feature_decomposition.png,239.5,0.013,0.007,0.922,0.019,243.5,181481,
False,attachments/03_original_figures/figures_workspace/image2_selected_two_panel_combined_20260430.png,239.7,0.002,0.001,0.902,0.004,239.9,2864647,
False,attachments/01_source_pdf/extracted_image_blocks/page_03_img_011_xref_224.png,240.3,0.018,0.014,0.914,0.039,238.8,402163,
False,attachments/03_original_figures/figures_workspace/FigM3_R5_hybrid_architecture.png,240.3,0.001,0.0,0.896,0.002,242.5,709448,
False,attachments/03_original_figures/figures_workspace/FigD_V5_R5_algorithm_publication_v3.png,240.7,0.003,0.0,0.887,0.006,239.8,717067,
False,attachments/03_original_figures/figures_workspace/scorecam_3d_dpanel_clean.png,240.7,0.0,0.0,0.844,0.0,250.3,895205,
False,attachments/01_source_pdf/extracted_image_blocks/page_03_img_009_xref_222.png,241.4,0.014,0.011,0.921,0.029,243.1,345057,
False,attachments/03_original_figures/figures_workspace/image2_combined_inference_and_modules_times_20260430.png,241.4,0.002,0.0,0.922,0.003,241.7,1784181,
False,attachments/01_source_pdf/extracted_image_blocks/page_03_img_010_xref_223.png,241.5,0.015,0.011,0.921,0.029,242.5,373445,
False,attachments/03_original_figures/figures_workspace/v5r5_total_pressure_options/v5r5_total_pressure_by_coarse_depth.png,241.8,0.008,0.005,0.905,0.023,241.9,176497,
False,attachments/03_original_figures/figures_workspace/v5r5_total_pressure_options/v5r5_total_pressure_peak_size_depth_lines.png,241.9,0.013,0.008,0.913,0.024,241.3,246432,
False,attachments/05_data_and_metrics/simulation/lung_synthetic_dataset_smoke/grid_summary.png,242.0,0.02,0.011,0.913,0.029,234.8,199693,
False,attachments/01_source_pdf/extracted_image_blocks/page_03_img_008_xref_221.png,242.1,0.013,0.01,0.926,0.029,243.3,362773,
False,attachments/01_source_pdf/extracted_image_blocks/page_03_img_006_xref_219.png,242.5,0.015,0.011,0.93,0.031,242.8,253169,
False,attachments/01_source_pdf/extracted_image_blocks/page_03_img_007_xref_220.png,242.6,0.012,0.009,0.923,0.024,244.8,259885,
False,attachments/03_original_figures/figures_workspace/v5r5_curve_options/v5r5_depth_aligned_mean_sem.png,242.6,0.007,0.004,0.919,0.02,242.8,175904,
False,attachments/03_original_figures/figures_workspace/v5r5_representative_response_curves.png,242.6,0.002,0.0,0.912,0.004,244.7,308297,
False,attachments/01_source_pdf/extracted_image_blocks/page_04_img_034_xref_410.png,242.9,0.021,0.005,0.938,0.034,240.7,42625,
False,attachments/03_original_figures/figures_workspace/image2_top_journal_algorithm_20260429.png,242.9,0.003,0.0,0.945,0.003,246.2,312564,
False,attachments/03_original_figures/figures_workspace/image2_v5r5_hybrid_borrowed_style.png,243.0,0.004,0.001,0.929,0.002,247.0,209493,
False,attachments/03_original_figures/figures_workspace/Fig2b_grouped_positive_trends_tnr.png,243.1,0.0,0.0,0.943,0.0,247.0,922850,
False,attachments/03_original_figures/figures_workspace/Fig3b_xgb_shap_size.png,243.1,0.0,0.0,0.912,0.0,248.4,377807,
False,attachments/03_original_figures/paper_figures/Fig2b_grouped_positive_trends_tnr.png,243.1,0.0,0.0,0.943,0.0,247.0,922850,
False,attachments/03_original_figures/paper_figures/Fig3b_xgb_shap_size.png,243.1,0.0,0.0,0.912,0.0,248.4,377807,
False,attachments/03_original_figures/figures_workspace/v5r5_curve_options/v5r5_smoothed_representative_units.png,243.3,0.001,0.0,0.925,0.003,243.7,229714,
False,attachments/03_original_figures/figures_workspace/v5r5_curve_options/v5r5_useful_smoothed_curve_gallery.png,243.3,0.001,0.0,0.917,0.003,244.7,635920,
False,attachments/03_original_figures/figures_workspace/v5r5_total_pressure_options/v5r5_total_pressure_by_size.png,243.4,0.009,0.006,0.921,0.019,242.8,214195,
False,attachments/03_original_figures/figures_workspace/algorithm_flow_abc_topjournal.png,244.0,0.005,0.001,0.941,0.003,246.7,748468,
False,attachments/03_original_figures/figures_workspace/v5r5_total_pressure_options/v5r5_total_pressure_curve_gallery.png,244.0,0.001,0.0,0.91,0.003,243.8,694212,
False,attachments/03_original_figures/figures_workspace/v5r5_total_pressure_options/v5r5_total_pressure_size_curves_by_depth_panel.png,244.2,0.001,0.0,0.916,0.003,243.6,695556,
False,attachments/03_original_figures/figures_workspace/Fig3a_xgb_shap_detection.png,244.6,0.0,0.0,0.92,0.0,247.9,299506,
False,attachments/03_original_figures/figures_workspace/v5r5_total_pressure_options/v5r5_total_pressure_positive_vs_nonpositive.png,244.6,0.008,0.005,0.936,0.023,241.5,149382,
False,attachments/03_original_figures/paper_figures/Fig3a_xgb_shap_detection.png,244.6,0.0,0.0,0.92,0.0,247.9,299506,
False,attachments/03_original_figures/figures_workspace/v5r5_curve_options/v5r5_size_depth_peak_contrast.png,244.9,0.007,0.004,0.93,0.021,242.5,143120,
False,attachments/01_source_pdf/rendered_pages/page_05.png,245.0,0.01,0.003,0.932,0.0,255.0,2627151,
False,attachments/03_original_figures/figures_workspace/image2_module_details_times_20260430.png,245.2,0.0,0.0,0.961,0.0,247.4,225594,
False,attachments/01_source_pdf/extracted_image_blocks/page_02_img_028_xref_182.png,245.3,0.006,0.004,0.927,0.0,250.5,894460,
False,attachments/03_original_figures/figures_workspace/FigD_V5_R5_algorithm_publication_v4.png,245.8,0.001,0.0,0.942,0.002,245.3,703476,
False,attachments/03_original_figures/figures_workspace/FigD_V5_R5_algorithm_publication_v5.png,246.5,0.001,0.0,0.943,0.001,247.2,632489,
False,attachments/05_data_and_metrics/latest_algorithm/residual_tune_R5_hybrid_20260427/roc_inversion_tasks.png,246.8,0.0,0.0,0.935,0.0,244.7,177130,
False,attachments/03_original_figures/figures_workspace/Fig3c_xgb_shap_depth.png,246.9,0.0,0.0,0.936,0.0,248.3,253063,
False,attachments/03_original_figures/paper_figures/Fig3c_xgb_shap_depth.png,246.9,0.0,0.0,0.936,0.0,248.3,253063,
False,attachments/05_data_and_metrics/analysis_outputs/stage1_locked_roc_20260425/stage1_locked_mainline_roc.png,247.5,0.0,0.0,0.95,0.0,245.9,157714,
False,attachments/01_source_pdf/rendered_pages/page_04.png,247.6,0.0,0.0,0.954,0.0,255.0,1149026,
False,attachments/01_source_pdf/rendered_pages/page_01.png,247.8,0.002,0.001,0.936,0.0,255.0,2169748,
False,attachments/05_data_and_metrics/baselines/outputs_xgboost_explainability/depth_partial_dependence_top4.png,247.8,0.0,0.0,0.927,0.001,245.9,179960,
False,attachments/05_data_and_metrics/latest_algorithm/stage1_pooling_ablation_20260426/mean/paper_stage1_dualstream_mstcn_curves.png,248.5,0.0,0.0,0.953,0.0,248.3,384102,
False,attachments/05_data_and_metrics/latest_algorithm/stage1_pooling_ablation_20260426/center/paper_stage1_dualstream_mstcn_curves.png,248.6,0.0,0.0,0.955,0.0,248.1,360159,
False,attachments/05_data_and_metrics/latest_algorithm/stage1_pooling_ablation_20260426/last/paper_stage1_dualstream_mstcn_curves.png,248.6,0.0,0.0,0.954,0.0,248.2,348120,
False,attachments/05_data_and_metrics/baselines/outputs_xgboost_explainability/detection_partial_dependence_top4.png,248.7,0.001,0.0,0.941,0.002,245.9,129267,
False,attachments/05_data_and_metrics/latest_algorithm/stage1_pooling_ablation_20260426/attention/paper_stage1_dualstream_mstcn_curves.png,248.7,0.0,0.0,0.955,0.0,248.4,368798,
False,attachments/05_data_and_metrics/baselines/outputs_xgboost_explainability/size_regression_partial_dependence_top4.png,248.8,0.001,0.0,0.941,0.001,245.9,146843,
False,attachments/05_data_and_metrics/latest_algorithm/residual_tune_R5_hybrid_20260427/roc_frozen_detector_file3.png,249.6,0.001,0.0,0.96,0.002,246.5,97402,
False,attachments/05_data_and_metrics/baselines/outputs_xgboost_baselines/detection_logloss_curve.png,250.1,0.0,0.0,0.956,0.0,247.4,80322,
False,attachments/05_data_and_metrics/baselines/outputs_xgboost_baselines/size_classification_mlogloss_curve.png,250.1,0.0,0.0,0.958,0.0,246.9,75650,
False,attachments/05_data_and_metrics/baselines/outputs_xgboost_baselines/depth_classification_mlogloss_curve.png,250.4,0.0,0.0,0.961,0.0,247.5,69115,
False,attachments/05_data_and_metrics/baselines/outputs_xgboost_baselines/detection_aucpr_curve.png,250.4,0.0,0.0,0.961,0.0,247.9,60509,
False,attachments/05_data_and_metrics/baselines/outputs_xgboost_baselines/size_regression_rmse_curve.png,250.4,0.0,0.0,0.958,0.0,247.3,66248,
