file,base_group,size_cm,depth_cm,segment_start,segment_end,segment_len,selected_frames,n_selected
1.CSV,0.25cm大|0.5cm深,0.25,0.5,54,84,30,74;76;78,3
1.CSV,0.25cm大|0.5cm深,0.25,0.5,179,195,16,182;184;187,3
1.CSV,0.25cm大|0.5cm深,0.25,0.5,276,358,82,299;303;329,3
1.CSV,0.25cm大|1.0cm深,0.25,1.0,64,138,74,91;93;95,3
1.CSV,0.25cm大|1.0cm深,0.25,1.0,188,213,25,194;196;208,3
1.CSV,0.25cm大|1.5cm深,0.25,1.5,0,139,139,117;119;121,3
1.CSV,0.25cm大|1.5cm深,0.25,1.5,249,276,27,267;269;271,3
1.CSV,0.25cm大|1.5cm深,0.25,1.5,1189,1223,34,1213;1215;1218,3
1.CSV,0.25cm大|1.5cm深,0.25,1.5,1412,1439,27,1430;1432;1434,3
1.CSV,0.25cm大|2.0cm深,0.25,2.0,0,42,42,33;35;37,3
1.CSV,0.25cm大|2.0cm深,0.25,2.0,143,186,43,176;179;181,3
1.CSV,0.25cm大|2.0cm深,0.25,2.0,279,290,11,281;283;285,3
1.CSV,0.25cm大|2.5cm深,0.25,2.5,5,89,84,16;18;20,3
1.CSV,0.25cm大|2.5cm深,0.25,2.5,141,169,28,146;162;164,3
1.CSV,0.25cm大|2.5cm深,0.25,2.5,252,319,67,258;260;264,3
1.CSV,0.25cm大|2.5cm深,0.25,2.5,453,458,5,455,1
1.CSV,0.25cm大|3.0cm深,0.25,3.0,122,152,30,126;128;140,3
1.CSV,0.25cm大|3.0cm深,0.25,3.0,164,199,35,189;191;194,3
1.CSV,0.5cm大|0.5cm深,0.5,0.5,116,154,38,145;147;149,3
1.CSV,0.5cm大|0.5cm深,0.5,0.5,169,175,6,170;172,2
1.CSV,0.5cm大|0.5cm深,0.5,0.5,222,242,20,233;235;237,3
1.CSV,0.5cm大|0.5cm深,0.5,0.5,249,313,64,278;284;293,3
1.CSV,0.5cm大|1.0cm深,0.5,1.0,0,58,58,22;24;40,3
1.CSV,0.5cm大|1.5cm深,0.5,1.5,0,38,38,4;9;11,3
1.CSV,0.5cm大|1.5cm深,0.5,1.5,106,152,46,143;145;147,3
1.CSV,0.5cm大|1.5cm深,0.5,1.5,166,227,61,170;172;177,3
1.CSV,0.5cm大|1.5cm深,0.5,1.5,322,370,48,361;363;365,3
1.CSV,0.5cm大|1.5cm深,0.5,1.5,399,449,50,437;439;441,3
1.CSV,0.5cm大|2.0cm深,0.5,2.0,0,42,42,30;32;37,3
1.CSV,0.5cm大|2.0cm深,0.5,2.0,137,165,28,155;158;160,3
1.CSV,0.5cm大|2.0cm深,0.5,2.0,494,605,111,558;560;562,3
1.CSV,0.5cm大|2.0cm深,0.5,2.0,647,773,126,699;701;703,3
1.CSV,0.5cm大|2.5cm深,0.5,2.5,215,354,139,345;347;349,3
1.CSV,0.5cm大|2.5cm深,0.5,2.5,222,242,20,233;235;237,3
1.CSV,0.5cm大|3.0cm深,0.5,3.0,42,81,39,72;74;76,3
1.CSV,0.5cm大|3.0cm深,0.5,3.0,145,240,95,227;231;233,3
1.CSV,0.75cm大|0.5cm深,0.75,0.5,0,106,106,96;98;101,3
1.CSV,0.75cm大|0.5cm深,0.75,0.5,152,157,5,153;155,2
1.CSV,0.75cm大|0.5cm深,0.75,0.5,243,284,41,275;277;279,3
1.CSV,0.75cm大|0.5cm深,0.75,0.5,249,282,33,273;275;277,3
1.CSV,0.75cm大|1.0cm深,0.75,1.0,39,65,26,56;58;60,3
1.CSV,0.75cm大|1.0cm深,0.75,1.0,71,125,54,107;109;112,3
1.CSV,0.75cm大|1.0cm深,0.75,1.0,137,139,2,137,1
1.CSV,0.75cm大|1.0cm深,0.75,1.0,207,217,10,210;212;214,3
1.CSV,0.75cm大|1.0cm深,0.75,1.0,308,312,4,308;310,2
1.CSV,0.75cm大|1.5cm深,0.75,1.5,47,76,29,67;69;71,3
1.CSV,0.75cm大|1.5cm深,0.75,1.5,147,148,1,147,1
1.CSV,0.75cm大|1.5cm深,0.75,1.5,194,211,17,202;204;206,3
1.CSV,0.75cm大|1.5cm深,0.75,1.5,320,325,5,321;323,2
1.CSV,0.75cm大|2cm深,0.75,2.0,71,90,19,81;83;85,3
1.CSV,0.75cm大|2cm深,0.75,2.0,161,164,3,161;163,2
1.CSV,0.75cm大|2cm深,0.75,2.0,235,249,14,241;243;245,3
1.CSV,0.75cm大|2.5cm深,0.75,2.5,74,99,25,90;92;94,3
1.CSV,0.75cm大|2.5cm深,0.75,2.5,185,187,2,185,1
1.CSV,0.75cm大|2.5cm深,0.75,2.5,186,189,3,186;188,2
1.CSV,0.75cm大|2.5cm深,0.75,2.5,261,302,41,291;293;297,3
1.CSV,0.75cm大|2.5cm深,0.75,2.5,368,377,9,370;372;374,3
1.CSV,0.75cm大|3.0cm深,0.75,3.0,45,67,22,58;60;62,3
1.CSV,0.75cm大|3.0cm深,0.75,3.0,201,229,28,218;222;224,3
1.CSV,1cm大|0.5cm深,1.0,0.5,13,103,90,92;94;96,3
1.CSV,1cm大|0.5cm深,1.0,0.5,253,308,55,283;285;287,3
1.CSV,1cm大|1.0cm深,1.0,1.0,210,236,26,221;223;225,3
1.CSV,1cm大|1.5cm深,1.0,1.5,31,102,71,66;68;70,3
1.CSV,1cm大|1.5cm深,1.0,1.5,242,290,48,280;282;284,3
1.CSV,1cm大|1.5cm深,1.0,1.5,420,486,66,446;471;473,3
1.CSV,1cm大|2.0cm深,1.0,2.0,185,300,115,250;252;255,3
1.CSV,1cm大|2.0cm深,1.0,2.0,460,562,102,540;542;551,3
1.CSV,1cm大|2.5cm深,1.0,2.5,60,128,68,119;121;123,3
1.CSV,1cm大|2.5cm深,1.0,2.5,245,310,65,271;273;275,3
1.CSV,1cm大|3.0cm深,1.0,3.0,0,102,102,90;92;94,3
1.CSV,1cm大|3.0cm深,1.0,3.0,221,334,113,300;302;304,3
1.CSV,1.25cm大|0.5cm深,1.25,0.5,47,113,66,99;101;103,3
1.CSV,1.25cm大|0.5cm深,1.25,0.5,199,254,55,245;247;249,3
1.CSV,1.25cm大|1cm深,1.25,1.0,54,176,122,155;162;164,3
1.CSV,1.25cm大|1cm深,1.25,1.0,100,168,68,155;161;163,3
1.CSV,1.25cm大|1cm深,1.25,1.0,244,305,61,296;298;300,3
1.CSV,1.25cm大|1cm深,1.25,1.0,248,320,72,300;302;304,3
1.CSV,1.25cm大|1.5cm深,1.25,1.5,44,99,55,75;80;94,3
1.CSV,1.25cm大|1.5cm深,1.25,1.5,184,218,34,209;211;213,3
1.CSV,1.25cm大|2cm深,1.25,2.0,67,137,70,122;126;128,3
1.CSV,1.25cm大|2cm深,1.25,2.0,217,293,76,265;267;269,3
1.CSV,1.25cm大|2.5cm深,1.25,2.5,62,127,65,118;120;122,3
1.CSV,1.25cm大|2.5cm深,1.25,2.5,147,148,1,147,1
1.CSV,1.25cm大|2.5cm深,1.25,2.5,210,264,54,254;257;259,3
1.CSV,1.25cm大|2.5cm深,1.25,2.5,280,289,9,282;284;286,3
1.CSV,1.25cm大|3cm深,1.25,3.0,67,115,48,104;106;108,3
1.CSV,1.25cm大|3cm深,1.25,3.0,205,246,41,235;237;240,3
1.CSV,1.5cm大|0.5cm深,1.5,0.5,63,93,30,84;86;88,3
1.CSV,1.5cm大|0.5cm深,1.5,0.5,324,383,59,364;368;378,3
1.CSV,1.5cm大|0.5cm深,1.5,0.5,490,557,67,544;549;552,3
1.CSV,1.5cm大|1.0cm深,1.5,1.0,49,183,134,155;161;164,3
1.CSV,1.5cm大|1.0cm深,1.5,1.0,258,385,127,328;338;340,3
1.CSV,1.5cm大|1.5cm深,1.5,1.5,72,147,75,124;126;140,3
1.CSV,1.5cm大|1.5cm深,1.5,1.5,272,345,73,320;335;338,3
1.CSV,1.5cm大|2.0cm深,1.5,2.0,94,148,54,117;129;131,3
1.CSV,1.5cm大|2.0cm深,1.5,2.0,250,321,71,261;263;279,3
1.CSV,1.5cm大|2.5cm深,1.5,2.5,60,109,49,98;100;103,3
1.CSV,1.5cm大|2.5cm深,1.5,2.5,222,249,27,238;241;244,3
1.CSV,1.5cm大|3.0cm深,1.5,3.0,109,175,66,158;160;169,3
1.CSV,1.5cm大|3.0cm深,1.5,3.0,270,318,48,308;310;313,3
1.CSV,1.75cm大|0.5cm深,1.75,0.5,27,58,31,49;51;53,3
1.CSV,1.75cm大|1cm深,1.75,1.0,67,106,39,91;93;95,3
1.CSV,1.75cm大|1cm深,1.75,1.0,175,241,66,218;220;222,3
1.CSV,1.75cm大|1.5cm深,1.75,1.5,76,136,60,127;129;131,3
1.CSV,1.75cm大|1.5cm深,1.75,1.5,222,290,68,271;273;275,3
1.CSV,1.75cm大|1.5cm深,1.75,1.5,303,308,5,304;306,2
1.CSV,1.75cm大|2cm深,1.75,2.0,0,37,37,4;6;14,3
1.CSV,1.75cm大|2.5cm深,1.75,2.5,64,149,85,125;130;141,3
1.CSV,1.75cm大|2.5cm深,1.75,2.5,211,300,89,270;272;274,3
1.CSV,1.75cm大|3cm深,1.75,3.0,37,286,249,76;80;83,3
1.CSV,1.75cm大|3cm深,1.75,3.0,168,257,89,211;213;215,3
1.CSV,1.75cm大|3cm深,1.75,3.0,278,301,23,285;287;289,3
2.CSV,0.25cm大|0.5cm深,0.25,0.5,41,88,47,78;81;83,3
2.CSV,0.25cm大|0.5cm深,0.25,0.5,173,190,17,177;179;181,3
2.CSV,0.25cm大|0.5cm深,0.25,0.5,219,324,105,299;303;308,3
2.CSV,0.25cm大|0.5cm深,0.25,0.5,347,364,17,351;353;355,3
2.CSV,0.25cm大|1.0cm深,0.25,1.0,59,76,17,67;69;71,3
2.CSV,0.25cm大|1.0cm深,0.25,1.0,91,108,17,95;97;99,3
2.CSV,0.25cm大|1.0cm深,0.25,1.0,229,246,17,237;239;241,3
2.CSV,0.25cm大|1.5cm深,0.25,1.5,135,152,17,139;141;143,3
2.CSV,0.25cm大|1.5cm深,0.25,1.5,219,236,17,227;229;231,3
2.CSV,0.25cm大|1.5cm深,0.25,1.5,301,318,17,305;307;309,3
2.CSV,0.25cm大|1.5cm深,0.25,1.5,1197,1214,17,1204;1206;1209,3
2.CSV,0.25cm大|1.5cm深,0.25,1.5,1423,1440,17,1431;1433;1435,3
2.CSV,0.25cm大|2.0cm深,0.25,2.0,37,54,17,42;44;46,3
2.CSV,0.25cm大|2.0cm深,0.25,2.0,129,146,17,133;136;139,3
2.CSV,0.25cm大|2.0cm深,0.25,2.0,209,226,17,217;219;221,3
2.CSV,0.25cm大|2.0cm深,0.25,2.0,279,296,17,283;285;287,3
2.CSV,0.25cm大|2.5cm深,0.25,2.5,9,116,107,16;18;20,3
2.CSV,0.25cm大|2.5cm深,0.25,2.5,151,168,17,157;160;162,3
2.CSV,0.25cm大|2.5cm深,0.25,2.5,256,266,10,258;260;262,3
2.CSV,0.25cm大|2.5cm深,0.25,2.5,267,284,17,271;274;279,3
2.CSV,0.25cm大|2.5cm深,0.25,2.5,309,326,17,316;319;321,3
2.CSV,0.25cm大|2.5cm深,0.25,2.5,445,462,17,449;451,2
2.CSV,0.25cm大|3.0cm深,0.25,3.0,115,132,17,119;121;123,3
2.CSV,0.25cm大|3.0cm深,0.25,3.0,147,164,17,151;153;155,3
2.CSV,0.25cm大|3.0cm深,0.25,3.0,173,190,17,177;182;185,3
2.CSV,0.25cm大|3.0cm深,0.25,3.0,191,208,17,196;200;202,3
2.CSV,0.25cm大|3.0cm深,0.25,3.0,247,264,17,251;253,2
2.CSV,0.5cm大|0.5cm深,0.5,0.5,3,20,17,7;9;11,3
2.CSV,0.5cm大|0.5cm深,0.5,0.5,161,178,17,169;171;173,3
2.CSV,0.5cm大|0.5cm深,0.5,0.5,319,336,17,327;329;331,3
2.CSV,0.5cm大|0.5cm深,0.5,0.5,338,370,32,343;346;365,3
2.CSV,0.5cm大|1.0cm深,0.5,1.0,21,38,17,29;31;33,3
2.CSV,0.5cm大|1.0cm深,0.5,1.0,61,78,17,65;68;71,3
2.CSV,0.5cm大|1.0cm深,0.5,1.0,115,132,17,119;121;123,3
2.CSV,0.5cm大|1.0cm深,0.5,1.0,141,162,21,153;155;157,3
2.CSV,0.5cm大|1.0cm深,0.5,1.0,187,204,17,195;197;199,3
2.CSV,0.5cm大|1.5cm深,0.5,1.5,33,50,17,37;39;41,3
2.CSV,0.5cm大|1.5cm深,0.5,1.5,71,80,9,73;75;77,3
2.CSV,0.5cm大|1.5cm深,0.5,1.5,121,138,17,128;131;133,3
2.CSV,0.5cm大|1.5cm深,0.5,1.5,151,168,17,159;161;163,3
2.CSV,0.5cm大|1.5cm深,0.5,1.5,217,234,17,221;223;225,3
2.CSV,0.5cm大|1.5cm深,0.5,1.5,297,314,17,305;307;309,3
2.CSV,0.5cm大|2.0cm深,0.5,2.0,1047,1080,33,1059;1061;1063,3
2.CSV,0.5cm大|2.0cm深,0.5,2.0,1323,1340,17,1328;1330;1332,3
2.CSV,0.5cm大|2.0cm深,0.5,2.0,1375,1392,17,1379;1381;1383,3
2.CSV,0.5cm大|2.0cm深,0.5,2.0,1747,1764,17,1751;1753;1755,3
2.CSV,0.5cm大|2.0cm深,0.5,2.0,2213,2230,17,2218;2222;2225,3
2.CSV,0.5cm大|2.0cm深,0.5,2.0,2259,2276,17,2267;2269;2271,3
2.CSV,0.5cm大|2.0cm深,0.5,2.0,2277,2294,17,2281;2283;2285,3
2.CSV,0.5cm大|2.5cm深,0.5,2.5,63,80,17,70;72;74,3
2.CSV,0.5cm大|2.5cm深,0.5,2.5,353,370,17,357;361;363,3
2.CSV,0.5cm大|3.0cm深,0.5,3.0,15,32,17,20;23;26,3
2.CSV,0.5cm大|3.0cm深,0.5,3.0,95,112,17,103;105;107,3
2.CSV,0.5cm大|3.0cm深,0.5,3.0,187,204,17,191;193;195,3
2.CSV,0.5cm大|3.0cm深,0.5,3.0,205,222,17,210;212;214,3
2.CSV,0.5cm大|3.0cm深,0.5,3.0,419,582,163,565;567;569,3
2.CSV,0.75cm大|0.5cm深,0.75,0.5,93,110,17,101;103;105,3
2.CSV,0.75cm大|0.5cm深,0.75,0.5,253,270,17,261;263;265,3
2.CSV,0.75cm大|0.5cm深,0.75,0.5,362,367,5,363;365,2
2.CSV,0.75cm大|1.0cm深,0.75,1.0,39,108,69,92;101;103,3
2.CSV,0.75cm大|1.0cm深,0.75,1.0,117,134,17,122;124;126,3
2.CSV,0.75cm大|1.0cm深,0.75,1.0,179,209,30,200;202;204,3
2.CSV,0.75cm大|1.0cm深,0.75,1.0,213,258,45,246;248;253,3
2.CSV,0.75cm大|1.0cm深,0.75,1.0,339,356,17,347;349;351,3
2.CSV,0.75cm大|1.5cm深,0.75,1.5,31,48,17,39;41;43,3
2.CSV,0.75cm大|1.5cm深,0.75,1.5,181,198,17,189;191;193,3
2.CSV,0.75cm大|2cm深,0.75,2.0,45,62,17,53;55;57,3
2.CSV,0.75cm大|2cm深,0.75,2.0,223,240,17,231;233;235,3
2.CSV,0.75cm大|2cm深,0.75,2.0,299,316,17,303;306;308,3
2.CSV,0.75cm大|2.5cm深,0.75,2.5,59,76,17,67;69;71,3
2.CSV,0.75cm大|2.5cm深,0.75,2.5,147,164,17,151;153;155,3
2.CSV,0.75cm大|2.5cm深,0.75,2.5,223,240,17,231;233;235,3
2.CSV,0.75cm大|3.0cm深,0.75,3.0,220,284,64,265;272;276,3
2.CSV,1cm大|0.5cm深,1.0,0.5,303,320,17,308;311;313,3
2.CSV,1cm大|0.5cm深,1.0,0.5,381,398,17,385;387;391,3
2.CSV,1cm大|0.5cm深,1.0,0.5,438,476,38,466;468;470,3
2.CSV,1cm大|0.5cm深,1.0,0.5,509,526,17,514;516;518,3
2.CSV,1cm大|0.5cm深,1.0,0.5,589,606,17,595;597;600,3
2.CSV,1cm大|0.5cm深,1.0,0.5,613,630,17,621;623;625,3
2.CSV,1cm大|1.0cm深,1.0,1.0,43,60,17,47;49;51,3
2.CSV,1cm大|1.0cm深,1.0,1.0,93,166,73,121;123;126,3
2.CSV,1cm大|1.0cm深,1.0,1.0,243,260,17,251;253;255,3
2.CSV,1cm大|1.5cm深,1.0,1.5,119,136,17,126;128;131,3
2.CSV,1cm大|1.5cm深,1.0,1.5,339,346,7,340;342;344,3
2.CSV,1cm大|1.5cm深,1.0,1.5,359,376,17,367;369;371,3
2.CSV,1cm大|1.5cm深,1.0,1.5,487,504,17,491;493;495,3
2.CSV,1cm大|2.0cm深,1.0,2.0,137,154,17,145;147;149,3
2.CSV,1cm大|2.0cm深,1.0,2.0,407,424,17,415;417;419,3
2.CSV,1cm大|2.0cm深,1.0,2.0,493,510,17,497;499;501,3
2.CSV,1cm大|2.5cm深,1.0,2.5,97,114,17,104;107;109,3
2.CSV,1cm大|2.5cm深,1.0,2.5,151,168,17,155;157;159,3
2.CSV,1cm大|3.0cm深,1.0,3.0,213,230,17,221;223;225,3
2.CSV,1.25cm大|0.5cm深,1.25,0.5,131,148,17,135;137;139,3
2.CSV,1.25cm大|0.5cm深,1.25,0.5,261,278,17,265;267;269,3
2.CSV,1.25cm大|1cm深,1.25,1.0,16,26,10,19;21;23,3
2.CSV,1.25cm大|1cm深,1.25,1.0,31,48,17,39;41;43,3
2.CSV,1.25cm大|1cm深,1.25,1.0,186,196,10,189;191;193,3
2.CSV,1.25cm大|1cm深,1.25,1.0,207,224,17,215;217;219,3
2.CSV,1.25cm大|1cm深,1.25,1.0,305,322,17,309;311;313,3
2.CSV,1.25cm大|1.5cm深,1.25,1.5,29,46,17,37;39;41,3
2.CSV,1.25cm大|1.5cm深,1.25,1.5,91,108,17,95;97;99,3
2.CSV,1.25cm大|1.5cm深,1.25,1.5,155,224,69,214;217;219,3
2.CSV,1.25cm大|1.5cm深,1.25,1.5,229,246,17,233;235;237,3
2.CSV,1.25cm大|2cm深,1.25,2.0,26,36,10,29;31;33,3
2.CSV,1.25cm大|2cm深,1.25,2.0,41,58,17,49;51;53,3
2.CSV,1.25cm大|2cm深,1.25,2.0,121,138,17,125;127;129,3
2.CSV,1.25cm大|2cm深,1.25,2.0,189,300,111,266;268;270,3
2.CSV,1.25cm大|2.5cm深,1.25,2.5,37,54,17,45;47;49,3
2.CSV,1.25cm大|2.5cm深,1.25,2.5,72,105,33,89;91;93,3
2.CSV,1.25cm大|2.5cm深,1.25,2.5,172,182,10,175;177;179,3
2.CSV,1.25cm大|2.5cm深,1.25,2.5,191,208,17,199;201;203,3
2.CSV,1.25cm大|2.5cm深,1.25,2.5,275,292,17,279;281;283,3
2.CSV,1.25cm大|3cm深,1.25,3.0,179,196,17,187;189;191,3
2.CSV,1.25cm大|3cm深,1.25,3.0,283,300,17,287;289;291,3
2.CSV,1.5cm大|0.5cm深,1.5,0.5,33,50,17,41;43;45,3
2.CSV,1.5cm大|0.5cm深,1.5,0.5,103,143,40,108;110;113,3
2.CSV,1.5cm大|0.5cm深,1.5,0.5,201,218,17,209;211;213,3
2.CSV,1.5cm大|0.5cm深,1.5,0.5,255,272,17,261;265;267,3
2.CSV,1.5cm大|1.0cm深,1.5,1.0,44,105,61,95;97;99,3
2.CSV,1.5cm大|1.0cm深,1.5,1.0,157,174,17,161;163;165,3
2.CSV,1.5cm大|1.0cm深,1.5,1.0,269,286,17,275;279;281,3
2.CSV,1.5cm大|1.0cm深,1.5,1.0,349,366,17,356;358;360,3
2.CSV,1.5cm大|1.5cm深,1.5,1.5,51,144,93,111;114;122,3
2.CSV,1.5cm大|1.5cm深,1.5,1.5,205,222,17,213;215;217,3
2.CSV,1.5cm大|1.5cm深,1.5,1.5,299,316,17,303;305;307,3
2.CSV,1.5cm大|2.0cm深,1.5,2.0,69,86,17,77;79;81,3
2.CSV,1.5cm大|2.0cm深,1.5,2.0,147,164,17,151;154;159,3
2.CSV,1.5cm大|2.0cm深,1.5,2.0,325,342,17,331;333;337,3
2.CSV,1.5cm大|2.5cm深,1.5,2.5,47,64,17,54;56;58,3
2.CSV,1.5cm大|2.5cm深,1.5,2.5,115,132,17,122;124;126,3
2.CSV,1.5cm大|2.5cm深,1.5,2.5,199,216,17,203;205;207,3
2.CSV,1.5cm大|2.5cm深,1.5,2.5,253,270,17,261;263;265,3
2.CSV,1.5cm大|3.0cm深,1.5,3.0,59,76,17,67;69;71,3
2.CSV,1.5cm大|3.0cm深,1.5,3.0,173,190,17,181;183;185,3
2.CSV,1.5cm大|3.0cm深,1.5,3.0,223,271,48,245;253;266,3
2.CSV,1.75cm大|0.5cm深,1.75,0.5,253,270,17,257;259;261,3
2.CSV,1.75cm大|1cm深,1.75,1.0,99,116,17,103;105;107,3
2.CSV,1.75cm大|1.5cm深,1.75,1.5,293,310,17,297;299;301,3
2.CSV,1.75cm大|2cm深,1.75,2.0,83,100,17,91;93;95,3
2.CSV,1.75cm大|2cm深,1.75,2.0,119,136,17,123;126;128,3
2.CSV,1.75cm大|2cm深,1.75,2.0,531,548,17,535;537;539,3
2.CSV,1.75cm大|2cm深,1.75,2.0,611,628,17,618;621;623,3
2.CSV,1.75cm大|2cm深,1.75,2.0,691,708,17,695;697;700,3
2.CSV,1.75cm大|2.5cm深,1.75,2.5,193,210,17,201;203;205,3
2.CSV,1.75cm大|2.5cm深,1.75,2.5,289,306,17,293;295;297,3
2.CSV,1.75cm大|3cm深,1.75,3.0,59,71,12,64;66;68,3
2.CSV,1.75cm大|3cm深,1.75,3.0,239,250,11,242;244;247,3
2.CSV,1.75cm大|3cm深,1.75,3.0,301,318,17,305;307;309,3
3.CSV,0.25cm大|0.5cm深,0.25,0.5,43,90,47,81;83;85,3
3.CSV,0.25cm大|0.5cm深,0.25,0.5,171,194,23,175;177;181,3
3.CSV,0.25cm大|0.5cm深,0.25,0.5,230,323,93,299;303;308,3
3.CSV,0.25cm大|0.5cm深,0.25,0.5,337,366,29,341;343;345,3
3.CSV,0.25cm大|1.0cm深,0.25,1.0,51,93,42,82;84;87,3
3.CSV,0.25cm大|1.0cm深,0.25,1.0,131,148,17,135;137;139,3
3.CSV,0.25cm大|1.0cm深,0.25,1.0,180,254,74,245;247;249,3
3.CSV,0.25cm大|1.5cm深,0.25,1.5,3,60,57,50;52;55,3
3.CSV,0.25cm大|1.5cm深,0.25,1.5,61,78,17,69;71;73,3
3.CSV,0.25cm大|1.5cm深,0.25,1.5,1049,1066,17,1055;1057;1059,3
3.CSV,0.25cm大|1.5cm深,0.25,1.5,1157,1218,61,1209;1211;1213,3
3.CSV,0.25cm大|1.5cm深,0.25,1.5,1257,1274,17,1261;1263;1265,3
3.CSV,0.25cm大|1.5cm深,0.25,1.5,1479,1496,17,1484;1486;1489,3
3.CSV,0.25cm大|2.0cm深,0.25,2.0,0,80,80,39;42;46,3
3.CSV,0.25cm大|2.0cm深,0.25,2.0,129,228,99,133;219;223,3
3.CSV,0.25cm大|2.0cm深,0.25,2.0,279,296,17,283;285;287,3
3.CSV,0.25cm大|2.5cm深,0.25,2.5,0,88,88,6;8;11,3
3.CSV,0.25cm大|2.5cm深,0.25,2.5,97,114,17,102;104;107,3
3.CSV,0.25cm大|2.5cm深,0.25,2.5,149,166,17,153;158;160,3
3.CSV,0.25cm大|3.0cm深,0.25,3.0,105,203,98,109;111;113,3
3.CSV,0.5cm大|0.5cm深,0.5,0.5,13,110,97,78;83;85,3
3.CSV,0.5cm大|0.5cm深,0.5,0.5,169,263,94,231;233;235,3
3.CSV,0.5cm大|1.0cm深,0.5,1.0,0,76,76,66;68;70,3
3.CSV,0.5cm大|1.0cm深,0.5,1.0,77,94,17,84;86;88,3
3.CSV,0.5cm大|1.0cm深,0.5,1.0,95,136,41,100;103;105,3
3.CSV,0.5cm大|1.0cm深,0.5,1.0,245,304,59,250;257;259,3
3.CSV,0.5cm大|1.0cm深,0.5,1.0,950,1022,72,1000;1002;1004,3
3.CSV,0.5cm大|1.0cm深,0.5,1.0,1757,1818,61,1804;1811;1813,3
3.CSV,0.5cm大|1.0cm深,0.5,1.0,1819,1842,23,1823;1825;1827,3
3.CSV,0.5cm大|1.0cm深,0.5,1.0,1843,1865,22,1848;1850;1852,3
3.CSV,0.5cm大|1.5cm深,0.5,1.5,0,5,5,1;3,2
3.CSV,0.5cm大|1.5cm深,0.5,1.5,105,145,40,125;127;134,3
3.CSV,0.5cm大|1.5cm深,0.5,1.5,331,413,82,397;399;401,3
3.CSV,0.5cm大|1.5cm深,0.5,1.5,467,548,81,537;540;543,3
3.CSV,0.5cm大|1.5cm深,0.5,1.5,551,564,13,554;557;559,3
3.CSV,0.5cm大|2.0cm深,0.5,2.0,0,16,16,8;10;12,3
3.CSV,0.5cm大|2.0cm深,0.5,2.0,25,49,24,39;41;43,3
3.CSV,0.5cm大|2.0cm深,0.5,2.0,57,94,37,74;76;78,3
3.CSV,0.5cm大|2.0cm深,0.5,2.0,121,159,38,146;149;152,3
3.CSV,0.5cm大|2.0cm深,0.5,2.0,213,230,17,217;219;221,3
3.CSV,0.5cm大|2.0cm深,0.5,2.0,269,292,23,282;284;286,3
3.CSV,0.5cm大|2.0cm深,0.5,2.0,585,597,12,590;592;594,3
3.CSV,0.5cm大|2.0cm深,0.5,2.0,623,638,15,626;632;634,3
3.CSV,0.5cm大|2.5cm深,0.5,2.5,0,43,43,27;29;31,3
3.CSV,0.5cm大|2.5cm深,0.5,2.5,619,665,46,656;658;660,3
3.CSV,0.5cm大|2.5cm深,0.5,2.5,673,685,12,678;680;682,3
3.CSV,0.5cm大|3.0cm深,0.5,3.0,0,195,195,126;152;154,3
3.CSV,0.5cm大|3.0cm深,0.5,3.0,228,245,17,236;238;240,3
3.CSV,0.5cm大|3.0cm深,0.5,3.0,271,280,9,273;275;277,3
3.CSV,0.75cm大|0.5cm深,0.75,0.5,211,260,49,249;253;255,3
3.CSV,0.75cm大|0.5cm深,0.75,0.5,323,340,17,327;329;331,3
3.CSV,0.75cm大|1.0cm深,0.75,1.0,15,50,35,41;43;45,3
3.CSV,0.75cm大|1.0cm深,0.75,1.0,164,181,17,172;174;176,3
3.CSV,0.75cm大|1.0cm深,0.75,1.0,191,208,17,198;200;202,3
3.CSV,0.75cm大|1.0cm深,0.75,1.0,213,230,17,218;222;224,3
3.CSV,0.75cm大|1.5cm深,0.75,1.5,41,68,27,59;61;63,3
3.CSV,0.75cm大|1.5cm深,0.75,1.5,187,217,30,203;205;212,3
3.CSV,0.75cm大|2cm深,0.75,2.0,46,148,102,90;92;94,3
3.CSV,0.75cm大|2cm深,0.75,2.0,218,235,17,226;228;230,3
3.CSV,0.75cm大|2cm深,0.75,2.0,237,260,23,249;252;254,3
3.CSV,0.75cm大|2cm深,0.75,2.0,479,540,61,531;533;535,3
3.CSV,0.75cm大|2cm深,0.75,2.0,657,679,22,670;672;674,3
3.CSV,0.75cm大|2.5cm深,0.75,2.5,7,24,17,11;13;15,3
3.CSV,0.75cm大|2.5cm深,0.75,2.5,175,216,41,206;208;210,3
3.CSV,0.75cm大|2.5cm深,0.75,2.5,345,375,30,365;367;370,3
3.CSV,0.75cm大|3.0cm深,0.75,3.0,51,68,17,59;61;63,3
3.CSV,0.75cm大|3.0cm深,0.75,3.0,71,113,42,99;106;108,3
3.CSV,0.75cm大|3.0cm深,0.75,3.0,189,214,25,205;207;209,3
3.CSV,0.75cm大|3.0cm深,0.75,3.0,217,239,22,230;232;234,3
3.CSV,0.75cm大|3.0cm深,0.75,3.0,256,273,17,260;262;264,3
3.CSV,1cm大|0.5cm深,1.0,0.5,191,208,17,198;200;202,3
3.CSV,1cm大|0.5cm深,1.0,0.5,211,272,61,233;235;238,3
3.CSV,1cm大|0.5cm深,1.0,0.5,299,316,17,303;305;309,3
3.CSV,1cm大|0.5cm深,1.0,0.5,341,363,22,354;356;358,3
3.CSV,1cm大|0.5cm深,1.0,0.5,371,408,37,375;398;403,3
3.CSV,1cm大|1.0cm深,1.0,1.0,43,107,64,67;69;72,3
3.CSV,1cm大|1.5cm深,1.0,1.5,95,184,89,143;145;149,3
3.CSV,1cm大|1.5cm深,1.0,1.5,487,504,17,491;494;496,3
3.CSV,1cm大|2.0cm深,1.0,2.0,125,222,97,207;209;215,3
3.CSV,1cm大|2.0cm深,1.0,2.0,435,459,24,450;452;454,3
3.CSV,1cm大|2.0cm深,1.0,2.0,479,496,17,486;489;491,3
3.CSV,1cm大|2.5cm深,1.0,2.5,90,183,93,155;157;169,3
3.CSV,1cm大|2.5cm深,1.0,2.5,251,268,17,256;261;263,3
3.CSV,1cm大|3.0cm深,1.0,3.0,61,120,59,109;111;113,3
3.CSV,1cm大|3.0cm深,1.0,3.0,123,145,22,127;129;131,3
3.CSV,1cm大|3.0cm深,1.0,3.0,357,374,17,361;363;365,3
3.CSV,1.25cm大|0.5cm深,1.25,0.5,39,105,66,96;98;100,3
3.CSV,1.25cm大|0.5cm深,1.25,0.5,221,244,23,235;237;239,3
3.CSV,1.25cm大|0.5cm深,1.25,0.5,245,262,17,251;253;256,3
3.CSV,1.25cm大|1cm深,1.25,1.0,46,158,112,126;128;137,3
3.CSV,1.25cm大|1cm深,1.25,1.0,281,298,17,288;290;293,3
3.CSV,1.25cm大|1.5cm深,1.25,1.5,225,250,25,241;243;245,3
3.CSV,1.25cm大|2cm深,1.25,2.0,43,113,70,103;105;107,3
3.CSV,1.25cm大|2cm深,1.25,2.0,115,132,17,119;121;123,3
3.CSV,1.25cm大|2cm深,1.25,2.0,181,270,89,215;217;219,3
3.CSV,1.25cm大|2.5cm深,1.25,2.5,43,102,59,77;79;82,3
3.CSV,1.25cm大|2.5cm深,1.25,2.5,105,122,17,109;111;113,3
3.CSV,1.25cm大|2.5cm深,1.25,2.5,178,253,75,241;243;245,3
3.CSV,1.25cm大|3cm深,1.25,3.0,43,108,65,91;94;96,3
3.CSV,1.25cm大|3cm深,1.25,3.0,183,260,77,225;227;230,3
3.CSV,1.5cm大|0.5cm深,1.5,0.5,50,100,50,91;93;95,3
3.CSV,1.5cm大|0.5cm深,1.5,0.5,101,132,31,121;125;127,3
3.CSV,1.5cm大|0.5cm深,1.5,0.5,240,369,129,290;294;296,3
3.CSV,1.5cm大|1.0cm深,1.5,1.0,61,78,17,69;71;73,3
3.CSV,1.5cm大|1.0cm深,1.5,1.0,81,98,17,87;90;93,3
3.CSV,1.5cm大|1.0cm深,1.5,1.0,247,264,17,251;253;259,3
3.CSV,1.5cm大|1.0cm深,1.5,1.0,315,332,17,320;322;324,3
3.CSV,1.5cm大|1.5cm深,1.5,1.5,58,141,83,111;132;134,3
3.CSV,1.5cm大|1.5cm深,1.5,1.5,233,250,17,241;243;245,3
3.CSV,1.5cm大|1.5cm深,1.5,1.5,319,344,25,324;337;339,3
3.CSV,1.5cm大|2.0cm深,1.5,2.0,12,29,17,20;22;24,3
3.CSV,1.5cm大|2.0cm深,1.5,2.0,343,360,17,347;349;351,3
3.CSV,1.5cm大|2.0cm深,1.5,2.0,557,574,17,565;567;569,3
3.CSV,1.5cm大|2.0cm深,1.5,2.0,1033,1088,55,1079;1081;1083,3
3.CSV,1.5cm大|2.5cm深,1.5,2.5,85,117,32,107;109;112,3
3.CSV,1.5cm大|2.5cm深,1.5,2.5,233,322,89,250;252;317,3
3.CSV,1.5cm大|3.0cm深,1.5,3.0,37,54,17,45;47;49,3
3.CSV,1.5cm大|3.0cm深,1.5,3.0,179,277,98,261;263;265,3
3.CSV,1.75cm大|0.5cm深,1.75,0.5,36,98,62,86;88;90,3
3.CSV,1.75cm大|0.5cm深,1.75,0.5,169,250,81,232;234;236,3
3.CSV,1.75cm大|1cm深,1.75,1.0,155,228,73,212;217;219,3
3.CSV,1.75cm大|1.5cm深,1.75,1.5,53,126,73,98;102;121,3
3.CSV,1.75cm大|1.5cm深,1.75,1.5,201,293,92,241;244;255,3
3.CSV,1.75cm大|2cm深,1.75,2.0,181,270,89,255;257;259,3
3.CSV,1.75cm大|2.5cm深,1.75,2.5,190,251,61,228;230;232,3
3.CSV,1.75cm大|3cm深,1.75,3.0,73,90,17,81;83;85,3
3.CSV,1.75cm大|3cm深,1.75,3.0,209,315,106,290;292;294,3
