case,group_key,end_row,metric,row,col,drop_value
Successful positive,1.75cm大|2.5cm深|3.CSV,203,det_delta_raw,0,0,0.00014352798461914062
Successful positive,1.75cm大|2.5cm深|3.CSV,203,det_delta_raw,0,1,-0.0021376609802246094
Successful positive,1.75cm大|2.5cm深|3.CSV,203,det_delta_raw,0,2,-0.0020355582237243652
Successful positive,1.75cm大|2.5cm深|3.CSV,203,det_delta_raw,0,3,-0.00023484230041503906
Successful positive,1.75cm大|2.5cm深|3.CSV,203,det_delta_raw,0,4,0.00044226646423339844
Successful positive,1.75cm大|2.5cm深|3.CSV,203,det_delta_raw,0,5,-0.0010824203491210938
Successful positive,1.75cm大|2.5cm深|3.CSV,203,det_delta_raw,0,6,-0.004368305206298828
Successful positive,1.75cm大|2.5cm深|3.CSV,203,det_delta_raw,0,7,-0.005123257637023926
Successful positive,1.75cm大|2.5cm深|3.CSV,203,det_delta_raw,1,0,0.0003477931022644043
Successful positive,1.75cm大|2.5cm深|3.CSV,203,det_delta_raw,1,1,-0.0011423230171203613
Successful positive,1.75cm大|2.5cm深|3.CSV,203,det_delta_raw,1,2,-0.0009241700172424316
Successful positive,1.75cm大|2.5cm深|3.CSV,203,det_delta_raw,1,3,0.000704646110534668
Successful positive,1.75cm大|2.5cm深|3.CSV,203,det_delta_raw,1,4,0.002774655818939209
Successful positive,1.75cm大|2.5cm深|3.CSV,203,det_delta_raw,1,5,0.003474414348602295
Successful positive,1.75cm大|2.5cm深|3.CSV,203,det_delta_raw,1,6,-0.0009011626243591309
Successful positive,1.75cm大|2.5cm深|3.CSV,203,det_delta_raw,1,7,-0.004961371421813965
Successful positive,1.75cm大|2.5cm深|3.CSV,203,det_delta_raw,2,0,0.0007150173187255859
Successful positive,1.75cm大|2.5cm深|3.CSV,203,det_delta_raw,2,1,0.0004399418830871582
Successful positive,1.75cm大|2.5cm深|3.CSV,203,det_delta_raw,2,2,-3.838539123535156e-05
Successful positive,1.75cm大|2.5cm深|3.CSV,203,det_delta_raw,2,3,1.1086463928222656e-05
Successful positive,1.75cm大|2.5cm深|3.CSV,203,det_delta_raw,2,4,-0.0006392002105712891
Successful positive,1.75cm大|2.5cm深|3.CSV,203,det_delta_raw,2,5,-0.002020120620727539
Successful positive,1.75cm大|2.5cm深|3.CSV,203,det_delta_raw,2,6,-0.0029622912406921387
Successful positive,1.75cm大|2.5cm深|3.CSV,203,det_delta_raw,2,7,-0.004106342792510986
Successful positive,1.75cm大|2.5cm深|3.CSV,203,det_delta_raw,3,0,0.002477109432220459
Successful positive,1.75cm大|2.5cm深|3.CSV,203,det_delta_raw,3,1,0.0012143254280090332
Successful positive,1.75cm大|2.5cm深|3.CSV,203,det_delta_raw,3,2,-0.0006792545318603516
Successful positive,1.75cm大|2.5cm深|3.CSV,203,det_delta_raw,3,3,-5.733966827392578e-05
Successful positive,1.75cm大|2.5cm深|3.CSV,203,det_delta_raw,3,4,-0.004154980182647705
Successful positive,1.75cm大|2.5cm深|3.CSV,203,det_delta_raw,3,5,-0.01096421480178833
Successful positive,1.75cm大|2.5cm深|3.CSV,203,det_delta_raw,3,6,-0.008277177810668945
Successful positive,1.75cm大|2.5cm深|3.CSV,203,det_delta_raw,3,7,-0.006849527359008789
Successful positive,1.75cm大|2.5cm深|3.CSV,203,det_delta_raw,4,0,0.004825294017791748
Successful positive,1.75cm大|2.5cm深|3.CSV,203,det_delta_raw,4,1,0.0011951327323913574
Successful positive,1.75cm大|2.5cm深|3.CSV,203,det_delta_raw,4,2,-0.0023340582847595215
Successful positive,1.75cm大|2.5cm深|3.CSV,203,det_delta_raw,4,3,0.003384828567504883
Successful positive,1.75cm大|2.5cm深|3.CSV,203,det_delta_raw,4,4,-0.003544747829437256
Successful positive,1.75cm大|2.5cm深|3.CSV,203,det_delta_raw,4,5,-0.014721810817718506
Successful positive,1.75cm大|2.5cm深|3.CSV,203,det_delta_raw,4,6,-0.010353028774261475
Successful positive,1.75cm大|2.5cm深|3.CSV,203,det_delta_raw,4,7,-0.0072879791259765625
Successful positive,1.75cm大|2.5cm深|3.CSV,203,det_delta_raw,5,0,0.00699305534362793
Successful positive,1.75cm大|2.5cm深|3.CSV,203,det_delta_raw,5,1,0.0004844069480895996
Successful positive,1.75cm大|2.5cm深|3.CSV,203,det_delta_raw,5,2,0.0012545585632324219
Successful positive,1.75cm大|2.5cm深|3.CSV,203,det_delta_raw,5,3,0.01297670602798462
Successful positive,1.75cm大|2.5cm深|3.CSV,203,det_delta_raw,5,4,0.017350196838378906
Successful positive,1.75cm大|2.5cm深|3.CSV,203,det_delta_raw,5,5,-0.007664620876312256
Successful positive,1.75cm大|2.5cm深|3.CSV,203,det_delta_raw,5,6,-0.011631250381469727
Successful positive,1.75cm大|2.5cm深|3.CSV,203,det_delta_raw,5,7,-0.007146120071411133
Successful positive,1.75cm大|2.5cm深|3.CSV,203,det_delta_raw,6,0,0.009364485740661621
Successful positive,1.75cm大|2.5cm深|3.CSV,203,det_delta_raw,6,1,0.0020979642868041992
Successful positive,1.75cm大|2.5cm深|3.CSV,203,det_delta_raw,6,2,-0.0005529522895812988
Successful positive,1.75cm大|2.5cm深|3.CSV,203,det_delta_raw,6,3,0.02262723445892334
Successful positive,1.75cm大|2.5cm深|3.CSV,203,det_delta_raw,6,4,0.047990620136260986
Successful positive,1.75cm大|2.5cm深|3.CSV,203,det_delta_raw,6,5,0.020095348358154297
Successful positive,1.75cm大|2.5cm深|3.CSV,203,det_delta_raw,6,6,-0.004349112510681152
Successful positive,1.75cm大|2.5cm深|3.CSV,203,det_delta_raw,6,7,-0.007680416107177734
Successful positive,1.75cm大|2.5cm深|3.CSV,203,det_delta_raw,7,0,0.01008540391921997
Successful positive,1.75cm大|2.5cm深|3.CSV,203,det_delta_raw,7,1,0.0030030012130737305
Successful positive,1.75cm大|2.5cm深|3.CSV,203,det_delta_raw,7,2,-0.002591371536254883
Successful positive,1.75cm大|2.5cm深|3.CSV,203,det_delta_raw,7,3,0.03015005588531494
Successful positive,1.75cm大|2.5cm深|3.CSV,203,det_delta_raw,7,4,0.0647653341293335
Successful positive,1.75cm大|2.5cm深|3.CSV,203,det_delta_raw,7,5,0.04480874538421631
Successful positive,1.75cm大|2.5cm深|3.CSV,203,det_delta_raw,7,6,-0.001224219799041748
Successful positive,1.75cm大|2.5cm深|3.CSV,203,det_delta_raw,7,7,-0.007637441158294678
Successful positive,1.75cm大|2.5cm深|3.CSV,203,det_delta_raw,8,0,0.00820225477218628
Successful positive,1.75cm大|2.5cm深|3.CSV,203,det_delta_raw,8,1,0.002501249313354492
Successful positive,1.75cm大|2.5cm深|3.CSV,203,det_delta_raw,8,2,-0.0009421110153198242
Successful positive,1.75cm大|2.5cm深|3.CSV,203,det_delta_raw,8,3,0.012756168842315674
Successful positive,1.75cm大|2.5cm深|3.CSV,203,det_delta_raw,8,4,0.04298114776611328
Successful positive,1.75cm大|2.5cm深|3.CSV,203,det_delta_raw,8,5,0.03204160928726196
Successful positive,1.75cm大|2.5cm深|3.CSV,203,det_delta_raw,8,6,-0.0007925033569335938
Successful positive,1.75cm大|2.5cm深|3.CSV,203,det_delta_raw,8,7,-0.003271639347076416
Successful positive,1.75cm大|2.5cm深|3.CSV,203,det_delta_raw,9,0,0.004561662673950195
Successful positive,1.75cm大|2.5cm深|3.CSV,203,det_delta_raw,9,1,4.363059997558594e-05
Successful positive,1.75cm大|2.5cm深|3.CSV,203,det_delta_raw,9,2,-0.004388391971588135
Successful positive,1.75cm大|2.5cm深|3.CSV,203,det_delta_raw,9,3,0.002093195915222168
Successful positive,1.75cm大|2.5cm深|3.CSV,203,det_delta_raw,9,4,0.013120889663696289
Successful positive,1.75cm大|2.5cm深|3.CSV,203,det_delta_raw,9,5,0.008079230785369873
Successful positive,1.75cm大|2.5cm深|3.CSV,203,det_delta_raw,9,6,-0.0033788681030273438
Successful positive,1.75cm大|2.5cm深|3.CSV,203,det_delta_raw,9,7,-0.0016421675682067871
Successful positive,1.75cm大|2.5cm深|3.CSV,203,det_delta_raw,10,0,0.0017763972282409668
Successful positive,1.75cm大|2.5cm深|3.CSV,203,det_delta_raw,10,1,-0.0019748806953430176
Successful positive,1.75cm大|2.5cm深|3.CSV,203,det_delta_raw,10,2,-0.004655301570892334
Successful positive,1.75cm大|2.5cm深|3.CSV,203,det_delta_raw,10,3,-0.004030704498291016
Successful positive,1.75cm大|2.5cm深|3.CSV,203,det_delta_raw,10,4,0.0003432631492614746
Successful positive,1.75cm大|2.5cm深|3.CSV,203,det_delta_raw,10,5,-0.0026456117630004883
Successful positive,1.75cm大|2.5cm深|3.CSV,203,det_delta_raw,10,6,-0.003954172134399414
Successful positive,1.75cm大|2.5cm深|3.CSV,203,det_delta_raw,10,7,-0.0040261149406433105
Successful positive,1.75cm大|2.5cm深|3.CSV,203,det_delta_raw,11,0,0.0008300542831420898
Successful positive,1.75cm大|2.5cm深|3.CSV,203,det_delta_raw,11,1,-0.001865684986114502
Successful positive,1.75cm大|2.5cm深|3.CSV,203,det_delta_raw,11,2,-0.0037925243377685547
Successful positive,1.75cm大|2.5cm深|3.CSV,203,det_delta_raw,11,3,-0.004532217979431152
Successful positive,1.75cm大|2.5cm深|3.CSV,203,det_delta_raw,11,4,-0.0044397711753845215
Successful positive,1.75cm大|2.5cm深|3.CSV,203,det_delta_raw,11,5,-0.005202293395996094
Successful positive,1.75cm大|2.5cm深|3.CSV,203,det_delta_raw,11,6,-0.005284905433654785
Successful positive,1.75cm大|2.5cm深|3.CSV,203,det_delta_raw,11,7,-0.004580497741699219
Successful positive,1.75cm大|2.5cm深|3.CSV,203,size_delta_raw,0,0,0.0
Successful positive,1.75cm大|2.5cm深|3.CSV,203,size_delta_raw,0,1,0.0
Successful positive,1.75cm大|2.5cm深|3.CSV,203,size_delta_raw,0,2,0.0
Successful positive,1.75cm大|2.5cm深|3.CSV,203,size_delta_raw,0,3,0.0
Successful positive,1.75cm大|2.5cm深|3.CSV,203,size_delta_raw,0,4,0.0
Successful positive,1.75cm大|2.5cm深|3.CSV,203,size_delta_raw,0,5,0.0
Successful positive,1.75cm大|2.5cm深|3.CSV,203,size_delta_raw,0,6,0.0
Successful positive,1.75cm大|2.5cm深|3.CSV,203,size_delta_raw,0,7,0.0
Successful positive,1.75cm大|2.5cm深|3.CSV,203,size_delta_raw,1,0,0.0
Successful positive,1.75cm大|2.5cm深|3.CSV,203,size_delta_raw,1,1,0.0
Successful positive,1.75cm大|2.5cm深|3.CSV,203,size_delta_raw,1,2,0.0
Successful positive,1.75cm大|2.5cm深|3.CSV,203,size_delta_raw,1,3,0.0
Successful positive,1.75cm大|2.5cm深|3.CSV,203,size_delta_raw,1,4,0.0
Successful positive,1.75cm大|2.5cm深|3.CSV,203,size_delta_raw,1,5,0.0
Successful positive,1.75cm大|2.5cm深|3.CSV,203,size_delta_raw,1,6,0.0
Successful positive,1.75cm大|2.5cm深|3.CSV,203,size_delta_raw,1,7,0.0
Successful positive,1.75cm大|2.5cm深|3.CSV,203,size_delta_raw,2,0,0.0
Successful positive,1.75cm大|2.5cm深|3.CSV,203,size_delta_raw,2,1,0.0
Successful positive,1.75cm大|2.5cm深|3.CSV,203,size_delta_raw,2,2,0.0
Successful positive,1.75cm大|2.5cm深|3.CSV,203,size_delta_raw,2,3,0.0
Successful positive,1.75cm大|2.5cm深|3.CSV,203,size_delta_raw,2,4,0.0
Successful positive,1.75cm大|2.5cm深|3.CSV,203,size_delta_raw,2,5,0.0
Successful positive,1.75cm大|2.5cm深|3.CSV,203,size_delta_raw,2,6,0.0
Successful positive,1.75cm大|2.5cm深|3.CSV,203,size_delta_raw,2,7,0.0
Successful positive,1.75cm大|2.5cm深|3.CSV,203,size_delta_raw,3,0,0.0
Successful positive,1.75cm大|2.5cm深|3.CSV,203,size_delta_raw,3,1,0.0
Successful positive,1.75cm大|2.5cm深|3.CSV,203,size_delta_raw,3,2,0.0
Successful positive,1.75cm大|2.5cm深|3.CSV,203,size_delta_raw,3,3,0.0
Successful positive,1.75cm大|2.5cm深|3.CSV,203,size_delta_raw,3,4,0.0
Successful positive,1.75cm大|2.5cm深|3.CSV,203,size_delta_raw,3,5,0.0
Successful positive,1.75cm大|2.5cm深|3.CSV,203,size_delta_raw,3,6,0.0
Successful positive,1.75cm大|2.5cm深|3.CSV,203,size_delta_raw,3,7,0.0
Successful positive,1.75cm大|2.5cm深|3.CSV,203,size_delta_raw,4,0,0.0
Successful positive,1.75cm大|2.5cm深|3.CSV,203,size_delta_raw,4,1,0.0
Successful positive,1.75cm大|2.5cm深|3.CSV,203,size_delta_raw,4,2,0.0
Successful positive,1.75cm大|2.5cm深|3.CSV,203,size_delta_raw,4,3,0.0
Successful positive,1.75cm大|2.5cm深|3.CSV,203,size_delta_raw,4,4,0.0
Successful positive,1.75cm大|2.5cm深|3.CSV,203,size_delta_raw,4,5,0.0
Successful positive,1.75cm大|2.5cm深|3.CSV,203,size_delta_raw,4,6,0.0
Successful positive,1.75cm大|2.5cm深|3.CSV,203,size_delta_raw,4,7,0.0
Successful positive,1.75cm大|2.5cm深|3.CSV,203,size_delta_raw,5,0,0.0
Successful positive,1.75cm大|2.5cm深|3.CSV,203,size_delta_raw,5,1,0.0
Successful positive,1.75cm大|2.5cm深|3.CSV,203,size_delta_raw,5,2,0.0
Successful positive,1.75cm大|2.5cm深|3.CSV,203,size_delta_raw,5,3,0.0
Successful positive,1.75cm大|2.5cm深|3.CSV,203,size_delta_raw,5,4,0.491574764251709
Successful positive,1.75cm大|2.5cm深|3.CSV,203,size_delta_raw,5,5,0.25871968269348145
Successful positive,1.75cm大|2.5cm深|3.CSV,203,size_delta_raw,5,6,0.01692342758178711
Successful positive,1.75cm大|2.5cm深|3.CSV,203,size_delta_raw,5,7,0.0
Successful positive,1.75cm大|2.5cm深|3.CSV,203,size_delta_raw,6,0,0.0
Successful positive,1.75cm大|2.5cm深|3.CSV,203,size_delta_raw,6,1,0.0
Successful positive,1.75cm大|2.5cm深|3.CSV,203,size_delta_raw,6,2,0.0
Successful positive,1.75cm大|2.5cm深|3.CSV,203,size_delta_raw,6,3,0.0
Successful positive,1.75cm大|2.5cm深|3.CSV,203,size_delta_raw,6,4,1.0494329929351807
Successful positive,1.75cm大|2.5cm深|3.CSV,203,size_delta_raw,6,5,0.48040151596069336
Successful positive,1.75cm大|2.5cm深|3.CSV,203,size_delta_raw,6,6,0.12449860572814941
Successful positive,1.75cm大|2.5cm深|3.CSV,203,size_delta_raw,6,7,0.0
Successful positive,1.75cm大|2.5cm深|3.CSV,203,size_delta_raw,7,0,0.0
Successful positive,1.75cm大|2.5cm深|3.CSV,203,size_delta_raw,7,1,0.0
Successful positive,1.75cm大|2.5cm深|3.CSV,203,size_delta_raw,7,2,0.0
Successful positive,1.75cm大|2.5cm深|3.CSV,203,size_delta_raw,7,3,0.0
Successful positive,1.75cm大|2.5cm深|3.CSV,203,size_delta_raw,7,4,0.7457404136657715
Successful positive,1.75cm大|2.5cm深|3.CSV,203,size_delta_raw,7,5,0.11731207370758057
Successful positive,1.75cm大|2.5cm深|3.CSV,203,size_delta_raw,7,6,0.0
Successful positive,1.75cm大|2.5cm深|3.CSV,203,size_delta_raw,7,7,0.0
Successful positive,1.75cm大|2.5cm深|3.CSV,203,size_delta_raw,8,0,0.0
Successful positive,1.75cm大|2.5cm深|3.CSV,203,size_delta_raw,8,1,0.0
Successful positive,1.75cm大|2.5cm深|3.CSV,203,size_delta_raw,8,2,0.0
Successful positive,1.75cm大|2.5cm深|3.CSV,203,size_delta_raw,8,3,0.0
Successful positive,1.75cm大|2.5cm深|3.CSV,203,size_delta_raw,8,4,0.08338773250579834
Successful positive,1.75cm大|2.5cm深|3.CSV,203,size_delta_raw,8,5,0.0
Successful positive,1.75cm大|2.5cm深|3.CSV,203,size_delta_raw,8,6,0.0
Successful positive,1.75cm大|2.5cm深|3.CSV,203,size_delta_raw,8,7,0.0
Successful positive,1.75cm大|2.5cm深|3.CSV,203,size_delta_raw,9,0,0.0
Successful positive,1.75cm大|2.5cm深|3.CSV,203,size_delta_raw,9,1,0.0
Successful positive,1.75cm大|2.5cm深|3.CSV,203,size_delta_raw,9,2,0.0
Successful positive,1.75cm大|2.5cm深|3.CSV,203,size_delta_raw,9,3,0.0
Successful positive,1.75cm大|2.5cm深|3.CSV,203,size_delta_raw,9,4,0.0
Successful positive,1.75cm大|2.5cm深|3.CSV,203,size_delta_raw,9,5,0.0
Successful positive,1.75cm大|2.5cm深|3.CSV,203,size_delta_raw,9,6,0.0
Successful positive,1.75cm大|2.5cm深|3.CSV,203,size_delta_raw,9,7,0.0
Successful positive,1.75cm大|2.5cm深|3.CSV,203,size_delta_raw,10,0,0.0
Successful positive,1.75cm大|2.5cm深|3.CSV,203,size_delta_raw,10,1,0.0
Successful positive,1.75cm大|2.5cm深|3.CSV,203,size_delta_raw,10,2,0.0
Successful positive,1.75cm大|2.5cm深|3.CSV,203,size_delta_raw,10,3,0.0
Successful positive,1.75cm大|2.5cm深|3.CSV,203,size_delta_raw,10,4,0.0
Successful positive,1.75cm大|2.5cm深|3.CSV,203,size_delta_raw,10,5,0.0
Successful positive,1.75cm大|2.5cm深|3.CSV,203,size_delta_raw,10,6,0.0
Successful positive,1.75cm大|2.5cm深|3.CSV,203,size_delta_raw,10,7,0.0
Successful positive,1.75cm大|2.5cm深|3.CSV,203,size_delta_raw,11,0,0.0
Successful positive,1.75cm大|2.5cm深|3.CSV,203,size_delta_raw,11,1,0.0
Successful positive,1.75cm大|2.5cm深|3.CSV,203,size_delta_raw,11,2,0.0
Successful positive,1.75cm大|2.5cm深|3.CSV,203,size_delta_raw,11,3,0.0
Successful positive,1.75cm大|2.5cm深|3.CSV,203,size_delta_raw,11,4,0.0
Successful positive,1.75cm大|2.5cm深|3.CSV,203,size_delta_raw,11,5,0.0
Successful positive,1.75cm大|2.5cm深|3.CSV,203,size_delta_raw,11,6,0.0
Successful positive,1.75cm大|2.5cm深|3.CSV,203,size_delta_raw,11,7,0.0
Successful positive,1.75cm大|2.5cm深|3.CSV,203,depth_delta_raw,0,0,-0.028917014598846436
Successful positive,1.75cm大|2.5cm深|3.CSV,203,depth_delta_raw,0,1,-0.0192415714263916
Successful positive,1.75cm大|2.5cm深|3.CSV,203,depth_delta_raw,0,2,-0.0003795027732849121
Successful positive,1.75cm大|2.5cm深|3.CSV,203,depth_delta_raw,0,3,-0.004732668399810791
Successful positive,1.75cm大|2.5cm深|3.CSV,203,depth_delta_raw,0,4,-0.04044622182846069
Successful positive,1.75cm大|2.5cm深|3.CSV,203,depth_delta_raw,0,5,0.01470726728439331
Successful positive,1.75cm大|2.5cm深|3.CSV,203,depth_delta_raw,0,6,0.16330796480178833
Successful positive,1.75cm大|2.5cm深|3.CSV,203,depth_delta_raw,0,7,0.049406588077545166
Successful positive,1.75cm大|2.5cm深|3.CSV,203,depth_delta_raw,1,0,-0.035540223121643066
Successful positive,1.75cm大|2.5cm深|3.CSV,203,depth_delta_raw,1,1,-0.01910191774368286
Successful positive,1.75cm大|2.5cm深|3.CSV,203,depth_delta_raw,1,2,0.06045830249786377
Successful positive,1.75cm大|2.5cm深|3.CSV,203,depth_delta_raw,1,3,-0.03540325164794922
Successful positive,1.75cm大|2.5cm深|3.CSV,203,depth_delta_raw,1,4,-0.0752793550491333
Successful positive,1.75cm大|2.5cm深|3.CSV,203,depth_delta_raw,1,5,-0.0275229811668396
Successful positive,1.75cm大|2.5cm深|3.CSV,203,depth_delta_raw,1,6,0.36282777786254883
Successful positive,1.75cm大|2.5cm深|3.CSV,203,depth_delta_raw,1,7,0.23546218872070312
Successful positive,1.75cm大|2.5cm深|3.CSV,203,depth_delta_raw,2,0,-0.008704543113708496
Successful positive,1.75cm大|2.5cm深|3.CSV,203,depth_delta_raw,2,1,-0.023049652576446533
Successful positive,1.75cm大|2.5cm深|3.CSV,203,depth_delta_raw,2,2,-0.053524017333984375
Successful positive,1.75cm大|2.5cm深|3.CSV,203,depth_delta_raw,2,3,-0.07896864414215088
Successful positive,1.75cm大|2.5cm深|3.CSV,203,depth_delta_raw,2,4,-0.07322454452514648
Successful positive,1.75cm大|2.5cm深|3.CSV,203,depth_delta_raw,2,5,0.27852022647857666
Successful positive,1.75cm大|2.5cm深|3.CSV,203,depth_delta_raw,2,6,0.8389902114868164
Successful positive,1.75cm大|2.5cm深|3.CSV,203,depth_delta_raw,2,7,0.43239322304725647
Successful positive,1.75cm大|2.5cm深|3.CSV,203,depth_delta_raw,3,0,0.04369169473648071
Successful positive,1.75cm大|2.5cm深|3.CSV,203,depth_delta_raw,3,1,-0.017440378665924072
Successful positive,1.75cm大|2.5cm深|3.CSV,203,depth_delta_raw,3,2,-0.07248753309249878
Successful positive,1.75cm大|2.5cm深|3.CSV,203,depth_delta_raw,3,3,-0.0789642333984375
Successful positive,1.75cm大|2.5cm深|3.CSV,203,depth_delta_raw,3,4,0.7855648398399353
Successful positive,1.75cm大|2.5cm深|3.CSV,203,depth_delta_raw,3,5,0.8975712656974792
Successful positive,1.75cm大|2.5cm深|3.CSV,203,depth_delta_raw,3,6,0.8851491808891296
Successful positive,1.75cm大|2.5cm深|3.CSV,203,depth_delta_raw,3,7,0.3864603042602539
Successful positive,1.75cm大|2.5cm深|3.CSV,203,depth_delta_raw,4,0,0.004671216011047363
Successful positive,1.75cm大|2.5cm深|3.CSV,203,depth_delta_raw,4,1,0.2125035524368286
Successful positive,1.75cm大|2.5cm深|3.CSV,203,depth_delta_raw,4,2,-0.070121169090271
Successful positive,1.75cm大|2.5cm深|3.CSV,203,depth_delta_raw,4,3,-0.0806875228881836
Successful positive,1.75cm大|2.5cm深|3.CSV,203,depth_delta_raw,4,4,0.10672640800476074
Successful positive,1.75cm大|2.5cm深|3.CSV,203,depth_delta_raw,4,5,0.9186009764671326
Successful positive,1.75cm大|2.5cm深|3.CSV,203,depth_delta_raw,4,6,0.914617657661438
Successful positive,1.75cm大|2.5cm深|3.CSV,203,depth_delta_raw,4,7,0.028816819190979004
Successful positive,1.75cm大|2.5cm深|3.CSV,203,depth_delta_raw,5,0,0.022020459175109863
Successful positive,1.75cm大|2.5cm深|3.CSV,203,depth_delta_raw,5,1,-0.053765296936035156
Successful positive,1.75cm大|2.5cm深|3.CSV,203,depth_delta_raw,5,2,-0.08114302158355713
Successful positive,1.75cm大|2.5cm深|3.CSV,203,depth_delta_raw,5,3,-0.08134013414382935
Successful positive,1.75cm大|2.5cm深|3.CSV,203,depth_delta_raw,5,4,-0.08128112554550171
Successful positive,1.75cm大|2.5cm深|3.CSV,203,depth_delta_raw,5,5,0.06378912925720215
Successful positive,1.75cm大|2.5cm深|3.CSV,203,depth_delta_raw,5,6,0.3007417321205139
Successful positive,1.75cm大|2.5cm深|3.CSV,203,depth_delta_raw,5,7,-0.06744259595870972
Successful positive,1.75cm大|2.5cm深|3.CSV,203,depth_delta_raw,6,0,-0.042532265186309814
Successful positive,1.75cm大|2.5cm深|3.CSV,203,depth_delta_raw,6,1,-0.07922261953353882
Successful positive,1.75cm大|2.5cm深|3.CSV,203,depth_delta_raw,6,2,-0.08131402730941772
Successful positive,1.75cm大|2.5cm深|3.CSV,203,depth_delta_raw,6,3,-0.08130520582199097
Successful positive,1.75cm大|2.5cm深|3.CSV,203,depth_delta_raw,6,4,-0.08119255304336548
Successful positive,1.75cm大|2.5cm深|3.CSV,203,depth_delta_raw,6,5,-0.08128410577774048
Successful positive,1.75cm大|2.5cm深|3.CSV,203,depth_delta_raw,6,6,-0.0744408369064331
Successful positive,1.75cm大|2.5cm深|3.CSV,203,depth_delta_raw,6,7,-0.0629277229309082
Successful positive,1.75cm大|2.5cm深|3.CSV,203,depth_delta_raw,7,0,0.01906764507293701
Successful positive,1.75cm大|2.5cm深|3.CSV,203,depth_delta_raw,7,1,-0.0573921799659729
Successful positive,1.75cm大|2.5cm深|3.CSV,203,depth_delta_raw,7,2,-0.07926476001739502
Successful positive,1.75cm大|2.5cm深|3.CSV,203,depth_delta_raw,7,3,0.17807579040527344
Successful positive,1.75cm大|2.5cm深|3.CSV,203,depth_delta_raw,7,4,0.8897615671157837
Successful positive,1.75cm大|2.5cm深|3.CSV,203,depth_delta_raw,7,5,-0.07174187898635864
Successful positive,1.75cm大|2.5cm深|3.CSV,203,depth_delta_raw,7,6,-0.07030850648880005
Successful positive,1.75cm大|2.5cm深|3.CSV,203,depth_delta_raw,7,7,-0.03262048959732056
Successful positive,1.75cm大|2.5cm深|3.CSV,203,depth_delta_raw,8,0,-0.048214495182037354
Successful positive,1.75cm大|2.5cm深|3.CSV,203,depth_delta_raw,8,1,0.4096568822860718
Successful positive,1.75cm大|2.5cm深|3.CSV,203,depth_delta_raw,8,2,0.8021031618118286
Successful positive,1.75cm大|2.5cm深|3.CSV,203,depth_delta_raw,8,3,0.43104037642478943
Successful positive,1.75cm大|2.5cm深|3.CSV,203,depth_delta_raw,8,4,0.5857514142990112
Successful positive,1.75cm大|2.5cm深|3.CSV,203,depth_delta_raw,8,5,-0.08097034692764282
Successful positive,1.75cm大|2.5cm深|3.CSV,203,depth_delta_raw,8,6,-0.0806531310081482
Successful positive,1.75cm大|2.5cm深|3.CSV,203,depth_delta_raw,8,7,0.09320145845413208
Successful positive,1.75cm大|2.5cm深|3.CSV,203,depth_delta_raw,9,0,0.05524367094039917
Successful positive,1.75cm大|2.5cm深|3.CSV,203,depth_delta_raw,9,1,0.2422574758529663
Successful positive,1.75cm大|2.5cm深|3.CSV,203,depth_delta_raw,9,2,0.6509700417518616
Successful positive,1.75cm大|2.5cm深|3.CSV,203,depth_delta_raw,9,3,0.4413604140281677
Successful positive,1.75cm大|2.5cm深|3.CSV,203,depth_delta_raw,9,4,-0.03896331787109375
Successful positive,1.75cm大|2.5cm深|3.CSV,203,depth_delta_raw,9,5,-0.06645911931991577
Successful positive,1.75cm大|2.5cm深|3.CSV,203,depth_delta_raw,9,6,-0.04637587070465088
Successful positive,1.75cm大|2.5cm深|3.CSV,203,depth_delta_raw,9,7,0.19390791654586792
Successful positive,1.75cm大|2.5cm深|3.CSV,203,depth_delta_raw,10,0,0.3035523295402527
Successful positive,1.75cm大|2.5cm深|3.CSV,203,depth_delta_raw,10,1,0.809192955493927
Successful positive,1.75cm大|2.5cm深|3.CSV,203,depth_delta_raw,10,2,0.7942559719085693
Successful positive,1.75cm大|2.5cm深|3.CSV,203,depth_delta_raw,10,3,0.5680773854255676
Successful positive,1.75cm大|2.5cm深|3.CSV,203,depth_delta_raw,10,4,0.19405406713485718
Successful positive,1.75cm大|2.5cm深|3.CSV,203,depth_delta_raw,10,5,0.27490878105163574
Successful positive,1.75cm大|2.5cm深|3.CSV,203,depth_delta_raw,10,6,0.13827645778656006
Successful positive,1.75cm大|2.5cm深|3.CSV,203,depth_delta_raw,10,7,0.07154715061187744
Successful positive,1.75cm大|2.5cm深|3.CSV,203,depth_delta_raw,11,0,0.15872400999069214
Successful positive,1.75cm大|2.5cm深|3.CSV,203,depth_delta_raw,11,1,0.4439973831176758
Successful positive,1.75cm大|2.5cm深|3.CSV,203,depth_delta_raw,11,2,0.5425950288772583
Successful positive,1.75cm大|2.5cm深|3.CSV,203,depth_delta_raw,11,3,0.34146595001220703
Successful positive,1.75cm大|2.5cm深|3.CSV,203,depth_delta_raw,11,4,0.21020948886871338
Successful positive,1.75cm大|2.5cm深|3.CSV,203,depth_delta_raw,11,5,0.09504252672195435
Successful positive,1.75cm大|2.5cm深|3.CSV,203,depth_delta_raw,11,6,0.044949471950531006
Successful positive,1.75cm大|2.5cm深|3.CSV,203,depth_delta_raw,11,7,-0.017937839031219482
False negative,0.25cm大|2.0cm深|3.CSV,303,det_delta_raw,0,0,-0.003809276968240738
False negative,0.25cm大|2.0cm深|3.CSV,303,det_delta_raw,0,1,-0.0009726155549287796
False negative,0.25cm大|2.0cm深|3.CSV,303,det_delta_raw,0,2,0.0005701165646314621
False negative,0.25cm大|2.0cm深|3.CSV,303,det_delta_raw,0,3,0.00024057179689407349
False negative,0.25cm大|2.0cm深|3.CSV,303,det_delta_raw,0,4,-0.014253875240683556
False negative,0.25cm大|2.0cm深|3.CSV,303,det_delta_raw,0,5,-0.02776741422712803
False negative,0.25cm大|2.0cm深|3.CSV,303,det_delta_raw,0,6,-0.018130606040358543
False negative,0.25cm大|2.0cm深|3.CSV,303,det_delta_raw,0,7,-0.00011695548892021179
False negative,0.25cm大|2.0cm深|3.CSV,303,det_delta_raw,1,0,-0.008462032303214073
False negative,0.25cm大|2.0cm深|3.CSV,303,det_delta_raw,1,1,-0.005251752212643623
False negative,0.25cm大|2.0cm深|3.CSV,303,det_delta_raw,1,2,-0.001921268180012703
False negative,0.25cm大|2.0cm深|3.CSV,303,det_delta_raw,1,3,-0.003976074978709221
False negative,0.25cm大|2.0cm深|3.CSV,303,det_delta_raw,1,4,-0.02510855160653591
False negative,0.25cm大|2.0cm深|3.CSV,303,det_delta_raw,1,5,-0.049799010157585144
False negative,0.25cm大|2.0cm深|3.CSV,303,det_delta_raw,1,6,-0.08685188740491867
False negative,0.25cm大|2.0cm深|3.CSV,303,det_delta_raw,1,7,-0.008183160796761513
False negative,0.25cm大|2.0cm深|3.CSV,303,det_delta_raw,2,0,-0.0055896323174238205
False negative,0.25cm大|2.0cm深|3.CSV,303,det_delta_raw,2,1,-0.003913164138793945
False negative,0.25cm大|2.0cm深|3.CSV,303,det_delta_raw,2,2,-0.0014066919684410095
False negative,0.25cm大|2.0cm深|3.CSV,303,det_delta_raw,2,3,0.0005135480314493179
False negative,0.25cm大|2.0cm深|3.CSV,303,det_delta_raw,2,4,-0.013252457603812218
False negative,0.25cm大|2.0cm深|3.CSV,303,det_delta_raw,2,5,-0.07576169073581696
False negative,0.25cm大|2.0cm深|3.CSV,303,det_delta_raw,2,6,-0.021977847442030907
False negative,0.25cm大|2.0cm深|3.CSV,303,det_delta_raw,2,7,-0.006214229390025139
False negative,0.25cm大|2.0cm深|3.CSV,303,det_delta_raw,3,0,-0.00012189522385597229
False negative,0.25cm大|2.0cm深|3.CSV,303,det_delta_raw,3,1,-6.451830267906189e-05
False negative,0.25cm大|2.0cm深|3.CSV,303,det_delta_raw,3,2,8.15466046333313e-06
False negative,0.25cm大|2.0cm深|3.CSV,303,det_delta_raw,3,3,-0.00016815215349197388
False negative,0.25cm大|2.0cm深|3.CSV,303,det_delta_raw,3,4,0.0012846142053604126
False negative,0.25cm大|2.0cm深|3.CSV,303,det_delta_raw,3,5,-0.006093600764870644
False negative,0.25cm大|2.0cm深|3.CSV,303,det_delta_raw,3,6,-0.005565250292420387
False negative,0.25cm大|2.0cm深|3.CSV,303,det_delta_raw,3,7,-0.003253001719713211
False negative,0.25cm大|2.0cm深|3.CSV,303,det_delta_raw,4,0,4.3705105781555176e-05
False negative,0.25cm大|2.0cm深|3.CSV,303,det_delta_raw,4,1,-2.9560178518295288e-05
False negative,0.25cm大|2.0cm深|3.CSV,303,det_delta_raw,4,2,-8.490309119224548e-05
False negative,0.25cm大|2.0cm深|3.CSV,303,det_delta_raw,4,3,-0.00010896287858486176
False negative,0.25cm大|2.0cm深|3.CSV,303,det_delta_raw,4,4,-0.0013995394110679626
False negative,0.25cm大|2.0cm深|3.CSV,303,det_delta_raw,4,5,-0.0021922606974840164
False negative,0.25cm大|2.0cm深|3.CSV,303,det_delta_raw,4,6,-0.00233631394803524
False negative,0.25cm大|2.0cm深|3.CSV,303,det_delta_raw,4,7,-0.00011988356709480286
False negative,0.25cm大|2.0cm深|3.CSV,303,det_delta_raw,5,0,-0.000635271891951561
False negative,0.25cm大|2.0cm深|3.CSV,303,det_delta_raw,5,1,-2.2431835532188416e-05
False negative,0.25cm大|2.0cm深|3.CSV,303,det_delta_raw,5,2,-8.418597280979156e-05
False negative,0.25cm大|2.0cm深|3.CSV,303,det_delta_raw,5,3,-0.00031508319079875946
False negative,0.25cm大|2.0cm深|3.CSV,303,det_delta_raw,5,4,-0.0018437430262565613
False negative,0.25cm大|2.0cm深|3.CSV,303,det_delta_raw,5,5,-0.0034284312278032303
False negative,0.25cm大|2.0cm深|3.CSV,303,det_delta_raw,5,6,-0.0018794592469930649
False negative,0.25cm大|2.0cm深|3.CSV,303,det_delta_raw,5,7,-0.00031092017889022827
False negative,0.25cm大|2.0cm深|3.CSV,303,det_delta_raw,6,0,-0.004724094644188881
False negative,0.25cm大|2.0cm深|3.CSV,303,det_delta_raw,6,1,-0.0024259742349386215
False negative,0.25cm大|2.0cm深|3.CSV,303,det_delta_raw,6,2,-0.0001319684088230133
False negative,0.25cm大|2.0cm深|3.CSV,303,det_delta_raw,6,3,-0.0001744832843542099
False negative,0.25cm大|2.0cm深|3.CSV,303,det_delta_raw,6,4,-0.0009765718132257462
False negative,0.25cm大|2.0cm深|3.CSV,303,det_delta_raw,6,5,-0.0016771070659160614
False negative,0.25cm大|2.0cm深|3.CSV,303,det_delta_raw,6,6,-0.001157619059085846
False negative,0.25cm大|2.0cm深|3.CSV,303,det_delta_raw,6,7,-0.0001614633947610855
False negative,0.25cm大|2.0cm深|3.CSV,303,det_delta_raw,7,0,-0.0079170111566782
False negative,0.25cm大|2.0cm深|3.CSV,303,det_delta_raw,7,1,-0.00474274717271328
False negative,0.25cm大|2.0cm深|3.CSV,303,det_delta_raw,7,2,-0.0007205549627542496
False negative,0.25cm大|2.0cm深|3.CSV,303,det_delta_raw,7,3,-0.00020297057926654816
False negative,0.25cm大|2.0cm深|3.CSV,303,det_delta_raw,7,4,-0.00022262334823608398
False negative,0.25cm大|2.0cm深|3.CSV,303,det_delta_raw,7,5,-0.001016758382320404
False negative,0.25cm大|2.0cm深|3.CSV,303,det_delta_raw,7,6,-0.0012680944055318832
False negative,0.25cm大|2.0cm深|3.CSV,303,det_delta_raw,7,7,-0.0007275454699993134
False negative,0.25cm大|2.0cm深|3.CSV,303,det_delta_raw,8,0,-0.005667245015501976
False negative,0.25cm大|2.0cm深|3.CSV,303,det_delta_raw,8,1,-0.002450864762067795
False negative,0.25cm大|2.0cm深|3.CSV,303,det_delta_raw,8,2,-0.00016425177454948425
False negative,0.25cm大|2.0cm深|3.CSV,303,det_delta_raw,8,3,-0.000331951305270195
False negative,0.25cm大|2.0cm深|3.CSV,303,det_delta_raw,8,4,-0.0008717980235815048
False negative,0.25cm大|2.0cm深|3.CSV,303,det_delta_raw,8,5,-0.001260293647646904
False negative,0.25cm大|2.0cm深|3.CSV,303,det_delta_raw,8,6,-0.0016755703836679459
False negative,0.25cm大|2.0cm深|3.CSV,303,det_delta_raw,8,7,-0.0010973308235406876
False negative,0.25cm大|2.0cm深|3.CSV,303,det_delta_raw,9,0,-0.007389364764094353
False negative,0.25cm大|2.0cm深|3.CSV,303,det_delta_raw,9,1,-0.0034417081624269485
False negative,0.25cm大|2.0cm深|3.CSV,303,det_delta_raw,9,2,-0.0004915967583656311
False negative,0.25cm大|2.0cm深|3.CSV,303,det_delta_raw,9,3,-0.002574341371655464
False negative,0.25cm大|2.0cm深|3.CSV,303,det_delta_raw,9,4,-0.004268797114491463
False negative,0.25cm大|2.0cm深|3.CSV,303,det_delta_raw,9,5,-0.0024624690413475037
False negative,0.25cm大|2.0cm深|3.CSV,303,det_delta_raw,9,6,-0.0011830180883407593
False negative,0.25cm大|2.0cm深|3.CSV,303,det_delta_raw,9,7,-0.0006628427654504776
False negative,0.25cm大|2.0cm深|3.CSV,303,det_delta_raw,10,0,-0.010504567995667458
False negative,0.25cm大|2.0cm深|3.CSV,303,det_delta_raw,10,1,-0.006827851757407188
False negative,0.25cm大|2.0cm深|3.CSV,303,det_delta_raw,10,2,-0.001855330541729927
False negative,0.25cm大|2.0cm深|3.CSV,303,det_delta_raw,10,3,-0.004889192059636116
False negative,0.25cm大|2.0cm深|3.CSV,303,det_delta_raw,10,4,-0.006691085174679756
False negative,0.25cm大|2.0cm深|3.CSV,303,det_delta_raw,10,5,-0.003267025575041771
False negative,0.25cm大|2.0cm深|3.CSV,303,det_delta_raw,10,6,-0.0007514581084251404
False negative,0.25cm大|2.0cm深|3.CSV,303,det_delta_raw,10,7,-9.223446249961853e-05
False negative,0.25cm大|2.0cm深|3.CSV,303,det_delta_raw,11,0,-0.006640328094363213
False negative,0.25cm大|2.0cm深|3.CSV,303,det_delta_raw,11,1,-0.003428315743803978
False negative,0.25cm大|2.0cm深|3.CSV,303,det_delta_raw,11,2,-0.0004124194383621216
False negative,0.25cm大|2.0cm深|3.CSV,303,det_delta_raw,11,3,-0.0024459995329380035
False negative,0.25cm大|2.0cm深|3.CSV,303,det_delta_raw,11,4,-0.004072079434990883
False negative,0.25cm大|2.0cm深|3.CSV,303,det_delta_raw,11,5,-0.0017050765454769135
False negative,0.25cm大|2.0cm深|3.CSV,303,det_delta_raw,11,6,-7.692724466323853e-05
False negative,0.25cm大|2.0cm深|3.CSV,303,det_delta_raw,11,7,-3.530830144882202e-05
False negative,0.25cm大|2.0cm深|3.CSV,303,size_delta_raw,0,0,-0.01240551471710205
False negative,0.25cm大|2.0cm深|3.CSV,303,size_delta_raw,0,1,-0.02458670735359192
False negative,0.25cm大|2.0cm深|3.CSV,303,size_delta_raw,0,2,-0.011682748794555664
False negative,0.25cm大|2.0cm深|3.CSV,303,size_delta_raw,0,3,0.0
False negative,0.25cm大|2.0cm深|3.CSV,303,size_delta_raw,0,4,-0.016751527786254883
False negative,0.25cm大|2.0cm深|3.CSV,303,size_delta_raw,0,5,-0.0324932336807251
False negative,0.25cm大|2.0cm深|3.CSV,303,size_delta_raw,0,6,-0.012423694133758545
False negative,0.25cm大|2.0cm深|3.CSV,303,size_delta_raw,0,7,0.0
False negative,0.25cm大|2.0cm深|3.CSV,303,size_delta_raw,1,0,-0.015759706497192383
False negative,0.25cm大|2.0cm深|3.CSV,303,size_delta_raw,1,1,-0.003753483295440674
False negative,0.25cm大|2.0cm深|3.CSV,303,size_delta_raw,1,2,-0.0032478272914886475
False negative,0.25cm大|2.0cm深|3.CSV,303,size_delta_raw,1,3,-0.00800180435180664
False negative,0.25cm大|2.0cm深|3.CSV,303,size_delta_raw,1,4,-0.035225510597229004
False negative,0.25cm大|2.0cm深|3.CSV,303,size_delta_raw,1,5,-0.10142752528190613
False negative,0.25cm大|2.0cm深|3.CSV,303,size_delta_raw,1,6,-0.02524542808532715
False negative,0.25cm大|2.0cm深|3.CSV,303,size_delta_raw,1,7,0.0
False negative,0.25cm大|2.0cm深|3.CSV,303,size_delta_raw,2,0,-0.004873186349868774
False negative,0.25cm大|2.0cm深|3.CSV,303,size_delta_raw,2,1,0.0
False negative,0.25cm大|2.0cm深|3.CSV,303,size_delta_raw,2,2,0.0
False negative,0.25cm大|2.0cm深|3.CSV,303,size_delta_raw,2,3,0.0
False negative,0.25cm大|2.0cm深|3.CSV,303,size_delta_raw,2,4,-0.02085953950881958
False negative,0.25cm大|2.0cm深|3.CSV,303,size_delta_raw,2,5,-0.04542195796966553
False negative,0.25cm大|2.0cm深|3.CSV,303,size_delta_raw,2,6,0.0
False negative,0.25cm大|2.0cm深|3.CSV,303,size_delta_raw,2,7,0.0
False negative,0.25cm大|2.0cm深|3.CSV,303,size_delta_raw,3,0,0.0
False negative,0.25cm大|2.0cm深|3.CSV,303,size_delta_raw,3,1,0.0
False negative,0.25cm大|2.0cm深|3.CSV,303,size_delta_raw,3,2,0.0
False negative,0.25cm大|2.0cm深|3.CSV,303,size_delta_raw,3,3,0.0
False negative,0.25cm大|2.0cm深|3.CSV,303,size_delta_raw,3,4,-0.007420241832733154
False negative,0.25cm大|2.0cm深|3.CSV,303,size_delta_raw,3,5,0.0
False negative,0.25cm大|2.0cm深|3.CSV,303,size_delta_raw,3,6,0.0
False negative,0.25cm大|2.0cm深|3.CSV,303,size_delta_raw,3,7,0.0
False negative,0.25cm大|2.0cm深|3.CSV,303,size_delta_raw,4,0,0.0
False negative,0.25cm大|2.0cm深|3.CSV,303,size_delta_raw,4,1,0.0
False negative,0.25cm大|2.0cm深|3.CSV,303,size_delta_raw,4,2,0.0
False negative,0.25cm大|2.0cm深|3.CSV,303,size_delta_raw,4,3,0.0
False negative,0.25cm大|2.0cm深|3.CSV,303,size_delta_raw,4,4,0.0
False negative,0.25cm大|2.0cm深|3.CSV,303,size_delta_raw,4,5,-0.0008940696716308594
False negative,0.25cm大|2.0cm深|3.CSV,303,size_delta_raw,4,6,0.0
False negative,0.25cm大|2.0cm深|3.CSV,303,size_delta_raw,4,7,0.0
False negative,0.25cm大|2.0cm深|3.CSV,303,size_delta_raw,5,0,0.0
False negative,0.25cm大|2.0cm深|3.CSV,303,size_delta_raw,5,1,0.0
False negative,0.25cm大|2.0cm深|3.CSV,303,size_delta_raw,5,2,0.0
False negative,0.25cm大|2.0cm深|3.CSV,303,size_delta_raw,5,3,0.0
False negative,0.25cm大|2.0cm深|3.CSV,303,size_delta_raw,5,4,0.0
False negative,0.25cm大|2.0cm深|3.CSV,303,size_delta_raw,5,5,0.0
False negative,0.25cm大|2.0cm深|3.CSV,303,size_delta_raw,5,6,0.0
False negative,0.25cm大|2.0cm深|3.CSV,303,size_delta_raw,5,7,0.0
False negative,0.25cm大|2.0cm深|3.CSV,303,size_delta_raw,6,0,0.0
False negative,0.25cm大|2.0cm深|3.CSV,303,size_delta_raw,6,1,0.0
False negative,0.25cm大|2.0cm深|3.CSV,303,size_delta_raw,6,2,0.0
False negative,0.25cm大|2.0cm深|3.CSV,303,size_delta_raw,6,3,0.0
False negative,0.25cm大|2.0cm深|3.CSV,303,size_delta_raw,6,4,0.0
False negative,0.25cm大|2.0cm深|3.CSV,303,size_delta_raw,6,5,0.0
False negative,0.25cm大|2.0cm深|3.CSV,303,size_delta_raw,6,6,0.0
False negative,0.25cm大|2.0cm深|3.CSV,303,size_delta_raw,6,7,0.0
False negative,0.25cm大|2.0cm深|3.CSV,303,size_delta_raw,7,0,0.0
False negative,0.25cm大|2.0cm深|3.CSV,303,size_delta_raw,7,1,0.0
False negative,0.25cm大|2.0cm深|3.CSV,303,size_delta_raw,7,2,0.0
False negative,0.25cm大|2.0cm深|3.CSV,303,size_delta_raw,7,3,0.0
False negative,0.25cm大|2.0cm深|3.CSV,303,size_delta_raw,7,4,0.0
False negative,0.25cm大|2.0cm深|3.CSV,303,size_delta_raw,7,5,0.0
False negative,0.25cm大|2.0cm深|3.CSV,303,size_delta_raw,7,6,0.0
False negative,0.25cm大|2.0cm深|3.CSV,303,size_delta_raw,7,7,0.0
False negative,0.25cm大|2.0cm深|3.CSV,303,size_delta_raw,8,0,0.0
False negative,0.25cm大|2.0cm深|3.CSV,303,size_delta_raw,8,1,0.0
False negative,0.25cm大|2.0cm深|3.CSV,303,size_delta_raw,8,2,0.0
False negative,0.25cm大|2.0cm深|3.CSV,303,size_delta_raw,8,3,0.0
False negative,0.25cm大|2.0cm深|3.CSV,303,size_delta_raw,8,4,0.0
False negative,0.25cm大|2.0cm深|3.CSV,303,size_delta_raw,8,5,0.0
False negative,0.25cm大|2.0cm深|3.CSV,303,size_delta_raw,8,6,0.0
False negative,0.25cm大|2.0cm深|3.CSV,303,size_delta_raw,8,7,0.0
False negative,0.25cm大|2.0cm深|3.CSV,303,size_delta_raw,9,0,0.0
False negative,0.25cm大|2.0cm深|3.CSV,303,size_delta_raw,9,1,0.0
False negative,0.25cm大|2.0cm深|3.CSV,303,size_delta_raw,9,2,0.0
False negative,0.25cm大|2.0cm深|3.CSV,303,size_delta_raw,9,3,0.0
False negative,0.25cm大|2.0cm深|3.CSV,303,size_delta_raw,9,4,0.0
False negative,0.25cm大|2.0cm深|3.CSV,303,size_delta_raw,9,5,0.0
False negative,0.25cm大|2.0cm深|3.CSV,303,size_delta_raw,9,6,0.0
False negative,0.25cm大|2.0cm深|3.CSV,303,size_delta_raw,9,7,0.0
False negative,0.25cm大|2.0cm深|3.CSV,303,size_delta_raw,10,0,0.0
False negative,0.25cm大|2.0cm深|3.CSV,303,size_delta_raw,10,1,0.0
False negative,0.25cm大|2.0cm深|3.CSV,303,size_delta_raw,10,2,0.0
False negative,0.25cm大|2.0cm深|3.CSV,303,size_delta_raw,10,3,0.0
False negative,0.25cm大|2.0cm深|3.CSV,303,size_delta_raw,10,4,0.0
False negative,0.25cm大|2.0cm深|3.CSV,303,size_delta_raw,10,5,0.0
False negative,0.25cm大|2.0cm深|3.CSV,303,size_delta_raw,10,6,0.0
False negative,0.25cm大|2.0cm深|3.CSV,303,size_delta_raw,10,7,0.0
False negative,0.25cm大|2.0cm深|3.CSV,303,size_delta_raw,11,0,0.0
False negative,0.25cm大|2.0cm深|3.CSV,303,size_delta_raw,11,1,0.0
False negative,0.25cm大|2.0cm深|3.CSV,303,size_delta_raw,11,2,0.0
False negative,0.25cm大|2.0cm深|3.CSV,303,size_delta_raw,11,3,0.0
False negative,0.25cm大|2.0cm深|3.CSV,303,size_delta_raw,11,4,0.0
False negative,0.25cm大|2.0cm深|3.CSV,303,size_delta_raw,11,5,0.0
False negative,0.25cm大|2.0cm深|3.CSV,303,size_delta_raw,11,6,0.0
False negative,0.25cm大|2.0cm深|3.CSV,303,size_delta_raw,11,7,0.0
False negative,0.25cm大|2.0cm深|3.CSV,303,depth_delta_raw,0,0,-7.152557373046875e-07
False negative,0.25cm大|2.0cm深|3.CSV,303,depth_delta_raw,0,1,-8.344650268554688e-07
False negative,0.25cm大|2.0cm深|3.CSV,303,depth_delta_raw,0,2,-5.960464477539062e-07
False negative,0.25cm大|2.0cm深|3.CSV,303,depth_delta_raw,0,3,-1.1920928955078125e-07
False negative,0.25cm大|2.0cm深|3.CSV,303,depth_delta_raw,0,4,0.0
False negative,0.25cm大|2.0cm深|3.CSV,303,depth_delta_raw,0,5,1.0728836059570312e-06
False negative,0.25cm大|2.0cm深|3.CSV,303,depth_delta_raw,0,6,3.5762786865234375e-07
False negative,0.25cm大|2.0cm深|3.CSV,303,depth_delta_raw,0,7,0.0
False negative,0.25cm大|2.0cm深|3.CSV,303,depth_delta_raw,1,0,-5.960464477539062e-07
False negative,0.25cm大|2.0cm深|3.CSV,303,depth_delta_raw,1,1,5.960464477539062e-07
False negative,0.25cm大|2.0cm深|3.CSV,303,depth_delta_raw,1,2,-2.384185791015625e-07
False negative,0.25cm大|2.0cm深|3.CSV,303,depth_delta_raw,1,3,-3.5762786865234375e-07
False negative,0.25cm大|2.0cm深|3.CSV,303,depth_delta_raw,1,4,7.152557373046875e-07
False negative,0.25cm大|2.0cm深|3.CSV,303,depth_delta_raw,1,5,3.814697265625e-05
False negative,0.25cm大|2.0cm深|3.CSV,303,depth_delta_raw,1,6,0.0002186894416809082
False negative,0.25cm大|2.0cm深|3.CSV,303,depth_delta_raw,1,7,1.704692840576172e-05
False negative,0.25cm大|2.0cm深|3.CSV,303,depth_delta_raw,2,0,-4.76837158203125e-07
False negative,0.25cm大|2.0cm深|3.CSV,303,depth_delta_raw,2,1,1.1920928955078125e-07
False negative,0.25cm大|2.0cm深|3.CSV,303,depth_delta_raw,2,2,1.1920928955078125e-07
False negative,0.25cm大|2.0cm深|3.CSV,303,depth_delta_raw,2,3,-1.1920928955078125e-07
False negative,0.25cm大|2.0cm深|3.CSV,303,depth_delta_raw,2,4,-2.384185791015625e-07
False negative,0.25cm大|2.0cm深|3.CSV,303,depth_delta_raw,2,5,5.733966827392578e-05
False negative,0.25cm大|2.0cm深|3.CSV,303,depth_delta_raw,2,6,0.9553666710853577
False negative,0.25cm大|2.0cm深|3.CSV,303,depth_delta_raw,2,7,0.014696359634399414
False negative,0.25cm大|2.0cm深|3.CSV,303,depth_delta_raw,3,0,2.384185791015625e-07
False negative,0.25cm大|2.0cm深|3.CSV,303,depth_delta_raw,3,1,3.5762786865234375e-07
False negative,0.25cm大|2.0cm深|3.CSV,303,depth_delta_raw,3,2,2.384185791015625e-07
False negative,0.25cm大|2.0cm深|3.CSV,303,depth_delta_raw,3,3,0.0
False negative,0.25cm大|2.0cm深|3.CSV,303,depth_delta_raw,3,4,-7.152557373046875e-07
False negative,0.25cm大|2.0cm深|3.CSV,303,depth_delta_raw,3,5,3.4570693969726562e-06
False negative,0.25cm大|2.0cm深|3.CSV,303,depth_delta_raw,3,6,0.004119753837585449
False negative,0.25cm大|2.0cm深|3.CSV,303,depth_delta_raw,3,7,3.063678741455078e-05
False negative,0.25cm大|2.0cm深|3.CSV,303,depth_delta_raw,4,0,0.0
False negative,0.25cm大|2.0cm深|3.CSV,303,depth_delta_raw,4,1,0.0
False negative,0.25cm大|2.0cm深|3.CSV,303,depth_delta_raw,4,2,0.0
False negative,0.25cm大|2.0cm深|3.CSV,303,depth_delta_raw,4,3,0.0
False negative,0.25cm大|2.0cm深|3.CSV,303,depth_delta_raw,4,4,-3.5762786865234375e-07
False negative,0.25cm大|2.0cm深|3.CSV,303,depth_delta_raw,4,5,-5.960464477539062e-07
False negative,0.25cm大|2.0cm深|3.CSV,303,depth_delta_raw,4,6,5.960464477539062e-07
False negative,0.25cm大|2.0cm深|3.CSV,303,depth_delta_raw,4,7,0.0
False negative,0.25cm大|2.0cm深|3.CSV,303,depth_delta_raw,5,0,0.0
False negative,0.25cm大|2.0cm深|3.CSV,303,depth_delta_raw,5,1,0.0
False negative,0.25cm大|2.0cm深|3.CSV,303,depth_delta_raw,5,2,0.0
False negative,0.25cm大|2.0cm深|3.CSV,303,depth_delta_raw,5,3,0.0
False negative,0.25cm大|2.0cm深|3.CSV,303,depth_delta_raw,5,4,-1.1920928955078125e-07
False negative,0.25cm大|2.0cm深|3.CSV,303,depth_delta_raw,5,5,-1.1920928955078125e-07
False negative,0.25cm大|2.0cm深|3.CSV,303,depth_delta_raw,5,6,-1.1920928955078125e-07
False negative,0.25cm大|2.0cm深|3.CSV,303,depth_delta_raw,5,7,0.0
False negative,0.25cm大|2.0cm深|3.CSV,303,depth_delta_raw,6,0,-1.1920928955078125e-07
False negative,0.25cm大|2.0cm深|3.CSV,303,depth_delta_raw,6,1,-1.1920928955078125e-07
False negative,0.25cm大|2.0cm深|3.CSV,303,depth_delta_raw,6,2,0.0
False negative,0.25cm大|2.0cm深|3.CSV,303,depth_delta_raw,6,3,0.0
False negative,0.25cm大|2.0cm深|3.CSV,303,depth_delta_raw,6,4,0.0
False negative,0.25cm大|2.0cm深|3.CSV,303,depth_delta_raw,6,5,0.0
False negative,0.25cm大|2.0cm深|3.CSV,303,depth_delta_raw,6,6,0.0
False negative,0.25cm大|2.0cm深|3.CSV,303,depth_delta_raw,6,7,0.0
False negative,0.25cm大|2.0cm深|3.CSV,303,depth_delta_raw,7,0,-1.1920928955078125e-07
False negative,0.25cm大|2.0cm深|3.CSV,303,depth_delta_raw,7,1,-1.1920928955078125e-07
False negative,0.25cm大|2.0cm深|3.CSV,303,depth_delta_raw,7,2,0.0
False negative,0.25cm大|2.0cm深|3.CSV,303,depth_delta_raw,7,3,0.0
False negative,0.25cm大|2.0cm深|3.CSV,303,depth_delta_raw,7,4,0.0
False negative,0.25cm大|2.0cm深|3.CSV,303,depth_delta_raw,7,5,1.1920928955078125e-07
False negative,0.25cm大|2.0cm深|3.CSV,303,depth_delta_raw,7,6,1.1920928955078125e-07
False negative,0.25cm大|2.0cm深|3.CSV,303,depth_delta_raw,7,7,1.1920928955078125e-07
False negative,0.25cm大|2.0cm深|3.CSV,303,depth_delta_raw,8,0,-2.384185791015625e-07
False negative,0.25cm大|2.0cm深|3.CSV,303,depth_delta_raw,8,1,-1.1920928955078125e-07
False negative,0.25cm大|2.0cm深|3.CSV,303,depth_delta_raw,8,2,0.0
False negative,0.25cm大|2.0cm深|3.CSV,303,depth_delta_raw,8,3,1.1920928955078125e-07
False negative,0.25cm大|2.0cm深|3.CSV,303,depth_delta_raw,8,4,1.1920928955078125e-07
False negative,0.25cm大|2.0cm深|3.CSV,303,depth_delta_raw,8,5,1.1920928955078125e-07
False negative,0.25cm大|2.0cm深|3.CSV,303,depth_delta_raw,8,6,3.5762786865234375e-07
False negative,0.25cm大|2.0cm深|3.CSV,303,depth_delta_raw,8,7,1.1920928955078125e-07
False negative,0.25cm大|2.0cm深|3.CSV,303,depth_delta_raw,9,0,0.0
False negative,0.25cm大|2.0cm深|3.CSV,303,depth_delta_raw,9,1,0.0
False negative,0.25cm大|2.0cm深|3.CSV,303,depth_delta_raw,9,2,3.5762786865234375e-07
False negative,0.25cm大|2.0cm深|3.CSV,303,depth_delta_raw,9,3,1.430511474609375e-06
False negative,0.25cm大|2.0cm深|3.CSV,303,depth_delta_raw,9,4,1.430511474609375e-06
False negative,0.25cm大|2.0cm深|3.CSV,303,depth_delta_raw,9,5,3.5762786865234375e-07
False negative,0.25cm大|2.0cm深|3.CSV,303,depth_delta_raw,9,6,1.1920928955078125e-07
False negative,0.25cm大|2.0cm深|3.CSV,303,depth_delta_raw,9,7,1.1920928955078125e-07
False negative,0.25cm大|2.0cm深|3.CSV,303,depth_delta_raw,10,0,3.5762786865234375e-07
False negative,0.25cm大|2.0cm深|3.CSV,303,depth_delta_raw,10,1,0.0
False negative,0.25cm大|2.0cm深|3.CSV,303,depth_delta_raw,10,2,9.5367431640625e-07
False negative,0.25cm大|2.0cm深|3.CSV,303,depth_delta_raw,10,3,9.298324584960938e-06
False negative,0.25cm大|2.0cm深|3.CSV,303,depth_delta_raw,10,4,9.417533874511719e-06
False negative,0.25cm大|2.0cm深|3.CSV,303,depth_delta_raw,10,5,9.5367431640625e-07
False negative,0.25cm大|2.0cm深|3.CSV,303,depth_delta_raw,10,6,1.1920928955078125e-07
False negative,0.25cm大|2.0cm深|3.CSV,303,depth_delta_raw,10,7,0.0
False negative,0.25cm大|2.0cm深|3.CSV,303,depth_delta_raw,11,0,0.0
False negative,0.25cm大|2.0cm深|3.CSV,303,depth_delta_raw,11,1,0.0
False negative,0.25cm大|2.0cm深|3.CSV,303,depth_delta_raw,11,2,3.5762786865234375e-07
False negative,0.25cm大|2.0cm深|3.CSV,303,depth_delta_raw,11,3,1.5497207641601562e-06
False negative,0.25cm大|2.0cm深|3.CSV,303,depth_delta_raw,11,4,1.5497207641601562e-06
False negative,0.25cm大|2.0cm深|3.CSV,303,depth_delta_raw,11,5,3.5762786865234375e-07
False negative,0.25cm大|2.0cm深|3.CSV,303,depth_delta_raw,11,6,0.0
False negative,0.25cm大|2.0cm深|3.CSV,303,depth_delta_raw,11,7,0.0
False positive,1.5cm大|2.0cm深|3.CSV,583,det_delta_raw,0,0,-0.0048454999923706055
False positive,1.5cm大|2.0cm深|3.CSV,583,det_delta_raw,0,1,-0.009916484355926514
False positive,1.5cm大|2.0cm深|3.CSV,583,det_delta_raw,0,2,-0.00861889123916626
False positive,1.5cm大|2.0cm深|3.CSV,583,det_delta_raw,0,3,0.0015123486518859863
False positive,1.5cm大|2.0cm深|3.CSV,583,det_delta_raw,0,4,0.014384329319000244
False positive,1.5cm大|2.0cm深|3.CSV,583,det_delta_raw,0,5,0.01840430498123169
False positive,1.5cm大|2.0cm深|3.CSV,583,det_delta_raw,0,6,0.004688143730163574
False positive,1.5cm大|2.0cm深|3.CSV,583,det_delta_raw,0,7,-0.0034227967262268066
False positive,1.5cm大|2.0cm深|3.CSV,583,det_delta_raw,1,0,-0.0029796361923217773
False positive,1.5cm大|2.0cm深|3.CSV,583,det_delta_raw,1,1,-0.006160378456115723
False positive,1.5cm大|2.0cm深|3.CSV,583,det_delta_raw,1,2,-0.0048708319664001465
False positive,1.5cm大|2.0cm深|3.CSV,583,det_delta_raw,1,3,0.006520450115203857
False positive,1.5cm大|2.0cm深|3.CSV,583,det_delta_raw,1,4,0.01756906509399414
False positive,1.5cm大|2.0cm深|3.CSV,583,det_delta_raw,1,5,0.02700674533843994
False positive,1.5cm大|2.0cm深|3.CSV,583,det_delta_raw,1,6,0.003951072692871094
False positive,1.5cm大|2.0cm深|3.CSV,583,det_delta_raw,1,7,-0.010731756687164307
False positive,1.5cm大|2.0cm深|3.CSV,583,det_delta_raw,2,0,-0.0013312697410583496
False positive,1.5cm大|2.0cm深|3.CSV,583,det_delta_raw,2,1,-0.003890514373779297
False positive,1.5cm大|2.0cm深|3.CSV,583,det_delta_raw,2,2,-0.0011151432991027832
False positive,1.5cm大|2.0cm深|3.CSV,583,det_delta_raw,2,3,0.011599123477935791
False positive,1.5cm大|2.0cm深|3.CSV,583,det_delta_raw,2,4,0.0077263712882995605
False positive,1.5cm大|2.0cm深|3.CSV,583,det_delta_raw,2,5,0.016899049282073975
False positive,1.5cm大|2.0cm深|3.CSV,583,det_delta_raw,2,6,-0.0221671462059021
False positive,1.5cm大|2.0cm深|3.CSV,583,det_delta_raw,2,7,-0.021423399448394775
False positive,1.5cm大|2.0cm深|3.CSV,583,det_delta_raw,3,0,-4.00543212890625e-05
False positive,1.5cm大|2.0cm深|3.CSV,583,det_delta_raw,3,1,-0.0012099146842956543
False positive,1.5cm大|2.0cm深|3.CSV,583,det_delta_raw,3,2,-0.002359926700592041
False positive,1.5cm大|2.0cm深|3.CSV,583,det_delta_raw,3,3,0.004223525524139404
False positive,1.5cm大|2.0cm深|3.CSV,583,det_delta_raw,3,4,0.002915620803833008
False positive,1.5cm大|2.0cm深|3.CSV,583,det_delta_raw,3,5,0.014409959316253662
False positive,1.5cm大|2.0cm深|3.CSV,583,det_delta_raw,3,6,-0.016370177268981934
False positive,1.5cm大|2.0cm深|3.CSV,583,det_delta_raw,3,7,-0.02823817729949951
False positive,1.5cm大|2.0cm深|3.CSV,583,det_delta_raw,4,0,0.00021070241928100586
False positive,1.5cm大|2.0cm深|3.CSV,583,det_delta_raw,4,1,-0.001255035400390625
False positive,1.5cm大|2.0cm深|3.CSV,583,det_delta_raw,4,2,-0.0055980682373046875
False positive,1.5cm大|2.0cm深|3.CSV,583,det_delta_raw,4,3,-0.006507694721221924
False positive,1.5cm大|2.0cm深|3.CSV,583,det_delta_raw,4,4,0.009139597415924072
False positive,1.5cm大|2.0cm深|3.CSV,583,det_delta_raw,4,5,0.019784092903137207
False positive,1.5cm大|2.0cm深|3.CSV,583,det_delta_raw,4,6,0.01936548948287964
False positive,1.5cm大|2.0cm深|3.CSV,583,det_delta_raw,4,7,-0.013405263423919678
False positive,1.5cm大|2.0cm深|3.CSV,583,det_delta_raw,5,0,-0.0005130171775817871
False positive,1.5cm大|2.0cm深|3.CSV,583,det_delta_raw,5,1,-1.3649463653564453e-05
False positive,1.5cm大|2.0cm深|3.CSV,583,det_delta_raw,5,2,-0.0030323266983032227
False positive,1.5cm大|2.0cm深|3.CSV,583,det_delta_raw,5,3,-0.008967459201812744
False positive,1.5cm大|2.0cm深|3.CSV,583,det_delta_raw,5,4,-0.00616765022277832
False positive,1.5cm大|2.0cm深|3.CSV,583,det_delta_raw,5,5,0.01419985294342041
False positive,1.5cm大|2.0cm深|3.CSV,583,det_delta_raw,5,6,0.02599889039993286
False positive,1.5cm大|2.0cm深|3.CSV,583,det_delta_raw,5,7,-0.0021385550498962402
False positive,1.5cm大|2.0cm深|3.CSV,583,det_delta_raw,6,0,-0.0012924671173095703
False positive,1.5cm大|2.0cm深|3.CSV,583,det_delta_raw,6,1,-0.002378106117248535
False positive,1.5cm大|2.0cm深|3.CSV,583,det_delta_raw,6,2,0.0010579824447631836
False positive,1.5cm大|2.0cm深|3.CSV,583,det_delta_raw,6,3,-0.002134382724761963
False positive,1.5cm大|2.0cm深|3.CSV,583,det_delta_raw,6,4,-0.011146366596221924
False positive,1.5cm大|2.0cm深|3.CSV,583,det_delta_raw,6,5,-0.006151020526885986
False positive,1.5cm大|2.0cm深|3.CSV,583,det_delta_raw,6,6,0.009316504001617432
False positive,1.5cm大|2.0cm深|3.CSV,583,det_delta_raw,6,7,0.00017637014389038086
False positive,1.5cm大|2.0cm深|3.CSV,583,det_delta_raw,7,0,-0.0011932849884033203
False positive,1.5cm大|2.0cm深|3.CSV,583,det_delta_raw,7,1,-0.00214463472366333
False positive,1.5cm大|2.0cm深|3.CSV,583,det_delta_raw,7,2,0.0007526874542236328
False positive,1.5cm大|2.0cm深|3.CSV,583,det_delta_raw,7,3,0.0024935007095336914
False positive,1.5cm大|2.0cm深|3.CSV,583,det_delta_raw,7,4,-0.00033032894134521484
False positive,1.5cm大|2.0cm深|3.CSV,583,det_delta_raw,7,5,-0.0009248256683349609
False positive,1.5cm大|2.0cm深|3.CSV,583,det_delta_raw,7,6,-0.0027799606323242188
False positive,1.5cm大|2.0cm深|3.CSV,583,det_delta_raw,7,7,-0.0086439847946167
False positive,1.5cm大|2.0cm深|3.CSV,583,det_delta_raw,8,0,0.0015013813972473145
False positive,1.5cm大|2.0cm深|3.CSV,583,det_delta_raw,8,1,8.445978164672852e-05
False positive,1.5cm大|2.0cm深|3.CSV,583,det_delta_raw,8,2,0.0009260177612304688
False positive,1.5cm大|2.0cm深|3.CSV,583,det_delta_raw,8,3,0.002348482608795166
False positive,1.5cm大|2.0cm深|3.CSV,583,det_delta_raw,8,4,0.0023910999298095703
False positive,1.5cm大|2.0cm深|3.CSV,583,det_delta_raw,8,5,0.002023756504058838
False positive,1.5cm大|2.0cm深|3.CSV,583,det_delta_raw,8,6,-0.0039980411529541016
False positive,1.5cm大|2.0cm深|3.CSV,583,det_delta_raw,8,7,-0.011183559894561768
False positive,1.5cm大|2.0cm深|3.CSV,583,det_delta_raw,9,0,0.0019640326499938965
False positive,1.5cm大|2.0cm深|3.CSV,583,det_delta_raw,9,1,0.003469109535217285
False positive,1.5cm大|2.0cm深|3.CSV,583,det_delta_raw,9,2,0.003413677215576172
False positive,1.5cm大|2.0cm深|3.CSV,583,det_delta_raw,9,3,0.004623591899871826
False positive,1.5cm大|2.0cm深|3.CSV,583,det_delta_raw,9,4,0.007557332515716553
False positive,1.5cm大|2.0cm深|3.CSV,583,det_delta_raw,9,5,0.0077664852142333984
False positive,1.5cm大|2.0cm深|3.CSV,583,det_delta_raw,9,6,0.0007097125053405762
False positive,1.5cm大|2.0cm深|3.CSV,583,det_delta_raw,9,7,-0.010697901248931885
False positive,1.5cm大|2.0cm深|3.CSV,583,det_delta_raw,10,0,-0.0015063285827636719
False positive,1.5cm大|2.0cm深|3.CSV,583,det_delta_raw,10,1,0.00040602684020996094
False positive,1.5cm大|2.0cm深|3.CSV,583,det_delta_raw,10,2,0.0030234456062316895
False positive,1.5cm大|2.0cm深|3.CSV,583,det_delta_raw,10,3,0.0041315555572509766
False positive,1.5cm大|2.0cm深|3.CSV,583,det_delta_raw,10,4,0.009505748748779297
False positive,1.5cm大|2.0cm深|3.CSV,583,det_delta_raw,10,5,0.008282482624053955
False positive,1.5cm大|2.0cm深|3.CSV,583,det_delta_raw,10,6,0.00020503997802734375
False positive,1.5cm大|2.0cm深|3.CSV,583,det_delta_raw,10,7,-0.010212302207946777
False positive,1.5cm大|2.0cm深|3.CSV,583,det_delta_raw,11,0,-0.004690110683441162
False positive,1.5cm大|2.0cm深|3.CSV,583,det_delta_raw,11,1,-0.0055558085441589355
False positive,1.5cm大|2.0cm深|3.CSV,583,det_delta_raw,11,2,-0.004705965518951416
False positive,1.5cm大|2.0cm深|3.CSV,583,det_delta_raw,11,3,-0.0032425522804260254
False positive,1.5cm大|2.0cm深|3.CSV,583,det_delta_raw,11,4,-0.0003019571304321289
False positive,1.5cm大|2.0cm深|3.CSV,583,det_delta_raw,11,5,-0.00017696619033813477
False positive,1.5cm大|2.0cm深|3.CSV,583,det_delta_raw,11,6,-0.005642294883728027
False positive,1.5cm大|2.0cm深|3.CSV,583,det_delta_raw,11,7,-0.009187817573547363
False positive,1.5cm大|2.0cm深|3.CSV,583,size_delta_raw,0,0,0.0031436681747436523
False positive,1.5cm大|2.0cm深|3.CSV,583,size_delta_raw,0,1,0.015073657035827637
False positive,1.5cm大|2.0cm深|3.CSV,583,size_delta_raw,0,2,0.02487945556640625
False positive,1.5cm大|2.0cm深|3.CSV,583,size_delta_raw,0,3,0.00716400146484375
False positive,1.5cm大|2.0cm深|3.CSV,583,size_delta_raw,0,4,0.030649900436401367
False positive,1.5cm大|2.0cm深|3.CSV,583,size_delta_raw,0,5,0.10728573799133301
False positive,1.5cm大|2.0cm深|3.CSV,583,size_delta_raw,0,6,0.026000618934631348
False positive,1.5cm大|2.0cm深|3.CSV,583,size_delta_raw,0,7,0.0046149492263793945
False positive,1.5cm大|2.0cm深|3.CSV,583,size_delta_raw,1,0,0.00371396541595459
False positive,1.5cm大|2.0cm深|3.CSV,583,size_delta_raw,1,1,0.018772125244140625
False positive,1.5cm大|2.0cm深|3.CSV,583,size_delta_raw,1,2,0.021840333938598633
False positive,1.5cm大|2.0cm深|3.CSV,583,size_delta_raw,1,3,0.007097721099853516
False positive,1.5cm大|2.0cm深|3.CSV,583,size_delta_raw,1,4,0.030389070510864258
False positive,1.5cm大|2.0cm深|3.CSV,583,size_delta_raw,1,5,0.06867146492004395
False positive,1.5cm大|2.0cm深|3.CSV,583,size_delta_raw,1,6,0.053777337074279785
False positive,1.5cm大|2.0cm深|3.CSV,583,size_delta_raw,1,7,0.016731739044189453
False positive,1.5cm大|2.0cm深|3.CSV,583,size_delta_raw,2,0,0.001554250717163086
False positive,1.5cm大|2.0cm深|3.CSV,583,size_delta_raw,2,1,0.009505152702331543
False positive,1.5cm大|2.0cm深|3.CSV,583,size_delta_raw,2,2,0.014008879661560059
False positive,1.5cm大|2.0cm深|3.CSV,583,size_delta_raw,2,3,0.0005993843078613281
False positive,1.5cm大|2.0cm深|3.CSV,583,size_delta_raw,2,4,0.15757691860198975
False positive,1.5cm大|2.0cm深|3.CSV,583,size_delta_raw,2,5,0.8304328918457031
False positive,1.5cm大|2.0cm深|3.CSV,583,size_delta_raw,2,6,0.8378898501396179
False positive,1.5cm大|2.0cm深|3.CSV,583,size_delta_raw,2,7,0.054303884506225586
False positive,1.5cm大|2.0cm深|3.CSV,583,size_delta_raw,3,0,0.0007721185684204102
False positive,1.5cm大|2.0cm深|3.CSV,583,size_delta_raw,3,1,0.0038483142852783203
False positive,1.5cm大|2.0cm深|3.CSV,583,size_delta_raw,3,2,0.009171485900878906
False positive,1.5cm大|2.0cm深|3.CSV,583,size_delta_raw,3,3,0.007634282112121582
False positive,1.5cm大|2.0cm深|3.CSV,583,size_delta_raw,3,4,0.29580819606781006
False positive,1.5cm大|2.0cm深|3.CSV,583,size_delta_raw,3,5,0.942924439907074
False positive,1.5cm大|2.0cm深|3.CSV,583,size_delta_raw,3,6,0.8983772397041321
False positive,1.5cm大|2.0cm深|3.CSV,583,size_delta_raw,3,7,0.21165823936462402
False positive,1.5cm大|2.0cm深|3.CSV,583,size_delta_raw,4,0,0.0005091428756713867
False positive,1.5cm大|2.0cm深|3.CSV,583,size_delta_raw,4,1,0.0003612041473388672
False positive,1.5cm大|2.0cm深|3.CSV,583,size_delta_raw,4,2,0.003399372100830078
False positive,1.5cm大|2.0cm深|3.CSV,583,size_delta_raw,4,3,0.04070711135864258
False positive,1.5cm大|2.0cm深|3.CSV,583,size_delta_raw,4,4,0.2509692907333374
False positive,1.5cm大|2.0cm深|3.CSV,583,size_delta_raw,4,5,0.5986112356185913
False positive,1.5cm大|2.0cm深|3.CSV,583,size_delta_raw,4,6,0.2654750347137451
False positive,1.5cm大|2.0cm深|3.CSV,583,size_delta_raw,4,7,0.006711125373840332
False positive,1.5cm大|2.0cm深|3.CSV,583,size_delta_raw,5,0,0.0024367570877075195
False positive,1.5cm大|2.0cm深|3.CSV,583,size_delta_raw,5,1,-0.001323103904724121
False positive,1.5cm大|2.0cm深|3.CSV,583,size_delta_raw,5,2,-0.002846240997314453
False positive,1.5cm大|2.0cm深|3.CSV,583,size_delta_raw,5,3,0.02457726001739502
False positive,1.5cm大|2.0cm深|3.CSV,583,size_delta_raw,5,4,0.2978280782699585
False positive,1.5cm大|2.0cm深|3.CSV,583,size_delta_raw,5,5,0.22893154621124268
False positive,1.5cm大|2.0cm深|3.CSV,583,size_delta_raw,5,6,0.09226512908935547
False positive,1.5cm大|2.0cm深|3.CSV,583,size_delta_raw,5,7,0.009618043899536133
False positive,1.5cm大|2.0cm深|3.CSV,583,size_delta_raw,6,0,0.002263665199279785
False positive,1.5cm大|2.0cm深|3.CSV,583,size_delta_raw,6,1,-0.0001709461212158203
False positive,1.5cm大|2.0cm深|3.CSV,583,size_delta_raw,6,2,-0.002769947052001953
False positive,1.5cm大|2.0cm深|3.CSV,583,size_delta_raw,6,3,-0.002009272575378418
False positive,1.5cm大|2.0cm深|3.CSV,583,size_delta_raw,6,4,0.021452665328979492
False positive,1.5cm大|2.0cm深|3.CSV,583,size_delta_raw,6,5,0.018137097358703613
False positive,1.5cm大|2.0cm深|3.CSV,583,size_delta_raw,6,6,0.012966513633728027
False positive,1.5cm大|2.0cm深|3.CSV,583,size_delta_raw,6,7,0.004997372627258301
False positive,1.5cm大|2.0cm深|3.CSV,583,size_delta_raw,7,0,0.00241243839263916
False positive,1.5cm大|2.0cm深|3.CSV,583,size_delta_raw,7,1,0.0007995367050170898
False positive,1.5cm大|2.0cm深|3.CSV,583,size_delta_raw,7,2,-0.0023037195205688477
False positive,1.5cm大|2.0cm深|3.CSV,583,size_delta_raw,7,3,0.00017368793487548828
False positive,1.5cm大|2.0cm深|3.CSV,583,size_delta_raw,7,4,-0.0003205537796020508
False positive,1.5cm大|2.0cm深|3.CSV,583,size_delta_raw,7,5,-0.0008939504623413086
False positive,1.5cm大|2.0cm深|3.CSV,583,size_delta_raw,7,6,0.001304030418395996
False positive,1.5cm大|2.0cm深|3.CSV,583,size_delta_raw,7,7,0.005070686340332031
False positive,1.5cm大|2.0cm深|3.CSV,583,size_delta_raw,8,0,0.0004235506057739258
False positive,1.5cm大|2.0cm深|3.CSV,583,size_delta_raw,8,1,0.0012581348419189453
False positive,1.5cm大|2.0cm深|3.CSV,583,size_delta_raw,8,2,-0.0004235506057739258
False positive,1.5cm大|2.0cm深|3.CSV,583,size_delta_raw,8,3,-0.00011730194091796875
False positive,1.5cm大|2.0cm深|3.CSV,583,size_delta_raw,8,4,-0.00023233890533447266
False positive,1.5cm大|2.0cm深|3.CSV,583,size_delta_raw,8,5,-0.0014514923095703125
False positive,1.5cm大|2.0cm深|3.CSV,583,size_delta_raw,8,6,8.106231689453125e-06
False positive,1.5cm大|2.0cm深|3.CSV,583,size_delta_raw,8,7,0.00640559196472168
False positive,1.5cm大|2.0cm深|3.CSV,583,size_delta_raw,9,0,0.00028014183044433594
False positive,1.5cm大|2.0cm深|3.CSV,583,size_delta_raw,9,1,0.002449631690979004
False positive,1.5cm大|2.0cm深|3.CSV,583,size_delta_raw,9,2,0.0011295080184936523
False positive,1.5cm大|2.0cm深|3.CSV,583,size_delta_raw,9,3,-0.0007361173629760742
False positive,1.5cm大|2.0cm深|3.CSV,583,size_delta_raw,9,4,3.6835670471191406e-05
False positive,1.5cm大|2.0cm深|3.CSV,583,size_delta_raw,9,5,0.002015233039855957
False positive,1.5cm大|2.0cm深|3.CSV,583,size_delta_raw,9,6,0.0017753839492797852
False positive,1.5cm大|2.0cm深|3.CSV,583,size_delta_raw,9,7,0.00516355037689209
False positive,1.5cm大|2.0cm深|3.CSV,583,size_delta_raw,10,0,0.0021442174911499023
False positive,1.5cm大|2.0cm深|3.CSV,583,size_delta_raw,10,1,0.0025893449783325195
False positive,1.5cm大|2.0cm深|3.CSV,583,size_delta_raw,10,2,0.0017673969268798828
False positive,1.5cm大|2.0cm深|3.CSV,583,size_delta_raw,10,3,0.00022673606872558594
False positive,1.5cm大|2.0cm深|3.CSV,583,size_delta_raw,10,4,0.002431035041809082
False positive,1.5cm大|2.0cm深|3.CSV,583,size_delta_raw,10,5,0.006094574928283691
False positive,1.5cm大|2.0cm深|3.CSV,583,size_delta_raw,10,6,0.0032477378845214844
False positive,1.5cm大|2.0cm深|3.CSV,583,size_delta_raw,10,7,0.0028144121170043945
False positive,1.5cm大|2.0cm深|3.CSV,583,size_delta_raw,11,0,0.0019594430923461914
False positive,1.5cm大|2.0cm深|3.CSV,583,size_delta_raw,11,1,0.0023546218872070312
False positive,1.5cm大|2.0cm深|3.CSV,583,size_delta_raw,11,2,0.0016008615493774414
False positive,1.5cm大|2.0cm深|3.CSV,583,size_delta_raw,11,3,0.0005346536636352539
False positive,1.5cm大|2.0cm深|3.CSV,583,size_delta_raw,11,4,0.0011005401611328125
False positive,1.5cm大|2.0cm深|3.CSV,583,size_delta_raw,11,5,0.0041970014572143555
False positive,1.5cm大|2.0cm深|3.CSV,583,size_delta_raw,11,6,0.0042275190353393555
False positive,1.5cm大|2.0cm深|3.CSV,583,size_delta_raw,11,7,0.003134012222290039
False positive,1.5cm大|2.0cm深|3.CSV,583,depth_delta_raw,0,0,-0.0026012063026428223
False positive,1.5cm大|2.0cm深|3.CSV,583,depth_delta_raw,0,1,-0.000507354736328125
False positive,1.5cm大|2.0cm深|3.CSV,583,depth_delta_raw,0,2,0.13528788089752197
False positive,1.5cm大|2.0cm深|3.CSV,583,depth_delta_raw,0,3,0.11676067113876343
False positive,1.5cm大|2.0cm深|3.CSV,583,depth_delta_raw,0,4,0.14769971370697021
False positive,1.5cm大|2.0cm深|3.CSV,583,depth_delta_raw,0,5,0.030278563499450684
False positive,1.5cm大|2.0cm深|3.CSV,583,depth_delta_raw,0,6,-0.00477975606918335
False positive,1.5cm大|2.0cm深|3.CSV,583,depth_delta_raw,0,7,-0.004594206809997559
False positive,1.5cm大|2.0cm深|3.CSV,583,depth_delta_raw,1,0,-0.0030291080474853516
False positive,1.5cm大|2.0cm深|3.CSV,583,depth_delta_raw,1,1,0.0021016597747802734
False positive,1.5cm大|2.0cm深|3.CSV,583,depth_delta_raw,1,2,0.03446096181869507
False positive,1.5cm大|2.0cm深|3.CSV,583,depth_delta_raw,1,3,0.006290733814239502
False positive,1.5cm大|2.0cm深|3.CSV,583,depth_delta_raw,1,4,0.02812337875366211
False positive,1.5cm大|2.0cm深|3.CSV,583,depth_delta_raw,1,5,-0.00473552942276001
False positive,1.5cm大|2.0cm深|3.CSV,583,depth_delta_raw,1,6,-0.004800617694854736
False positive,1.5cm大|2.0cm深|3.CSV,583,depth_delta_raw,1,7,-0.004757344722747803
False positive,1.5cm大|2.0cm深|3.CSV,583,depth_delta_raw,2,0,-0.0034283995628356934
False positive,1.5cm大|2.0cm深|3.CSV,583,depth_delta_raw,2,1,-0.0030225515365600586
False positive,1.5cm大|2.0cm深|3.CSV,583,depth_delta_raw,2,2,0.0024282336235046387
False positive,1.5cm大|2.0cm深|3.CSV,583,depth_delta_raw,2,3,0.04601782560348511
False positive,1.5cm大|2.0cm深|3.CSV,583,depth_delta_raw,2,4,0.0033301115036010742
False positive,1.5cm大|2.0cm深|3.CSV,583,depth_delta_raw,2,5,0.9732133746147156
False positive,1.5cm大|2.0cm深|3.CSV,583,depth_delta_raw,2,6,-0.0008100271224975586
False positive,1.5cm大|2.0cm深|3.CSV,583,depth_delta_raw,2,7,0.014513492584228516
False positive,1.5cm大|2.0cm深|3.CSV,583,depth_delta_raw,3,0,-0.0019361376762390137
False positive,1.5cm大|2.0cm深|3.CSV,583,depth_delta_raw,3,1,-0.0009376406669616699
False positive,1.5cm大|2.0cm深|3.CSV,583,depth_delta_raw,3,2,-0.002056717872619629
False positive,1.5cm大|2.0cm深|3.CSV,583,depth_delta_raw,3,3,-0.003711402416229248
False positive,1.5cm大|2.0cm深|3.CSV,583,depth_delta_raw,3,4,0.016523241996765137
False positive,1.5cm大|2.0cm深|3.CSV,583,depth_delta_raw,3,5,0.004866302013397217
False positive,1.5cm大|2.0cm深|3.CSV,583,depth_delta_raw,3,6,-0.0036556124687194824
False positive,1.5cm大|2.0cm深|3.CSV,583,depth_delta_raw,3,7,0.6126694679260254
False positive,1.5cm大|2.0cm深|3.CSV,583,depth_delta_raw,4,0,-0.0018085241317749023
False positive,1.5cm大|2.0cm深|3.CSV,583,depth_delta_raw,4,1,-0.0003682374954223633
False positive,1.5cm大|2.0cm深|3.CSV,583,depth_delta_raw,4,2,0.010644376277923584
False positive,1.5cm大|2.0cm深|3.CSV,583,depth_delta_raw,4,3,-0.0030580759048461914
False positive,1.5cm大|2.0cm深|3.CSV,583,depth_delta_raw,4,4,0.06844443082809448
False positive,1.5cm大|2.0cm深|3.CSV,583,depth_delta_raw,4,5,-0.0045146942138671875
False positive,1.5cm大|2.0cm深|3.CSV,583,depth_delta_raw,4,6,-0.004736602306365967
False positive,1.5cm大|2.0cm深|3.CSV,583,depth_delta_raw,4,7,0.05577749013900757
False positive,1.5cm大|2.0cm深|3.CSV,583,depth_delta_raw,5,0,-0.0031482577323913574
False positive,1.5cm大|2.0cm深|3.CSV,583,depth_delta_raw,5,1,-0.0029084086418151855
False positive,1.5cm大|2.0cm深|3.CSV,583,depth_delta_raw,5,2,-0.001843094825744629
False positive,1.5cm大|2.0cm深|3.CSV,583,depth_delta_raw,5,3,0.008413612842559814
False positive,1.5cm大|2.0cm深|3.CSV,583,depth_delta_raw,5,4,0.14138400554656982
False positive,1.5cm大|2.0cm深|3.CSV,583,depth_delta_raw,5,5,-0.004318654537200928
False positive,1.5cm大|2.0cm深|3.CSV,583,depth_delta_raw,5,6,-0.002222120761871338
False positive,1.5cm大|2.0cm深|3.CSV,583,depth_delta_raw,5,7,-0.004697263240814209
False positive,1.5cm大|2.0cm深|3.CSV,583,depth_delta_raw,6,0,-0.0037165284156799316
False positive,1.5cm大|2.0cm深|3.CSV,583,depth_delta_raw,6,1,-0.003851175308227539
False positive,1.5cm大|2.0cm深|3.CSV,583,depth_delta_raw,6,2,-0.003163576126098633
False positive,1.5cm大|2.0cm深|3.CSV,583,depth_delta_raw,6,3,-0.0017837285995483398
False positive,1.5cm大|2.0cm深|3.CSV,583,depth_delta_raw,6,4,-0.004577040672302246
False positive,1.5cm大|2.0cm深|3.CSV,583,depth_delta_raw,6,5,-0.004652202129364014
False positive,1.5cm大|2.0cm深|3.CSV,583,depth_delta_raw,6,6,-0.004770219326019287
False positive,1.5cm大|2.0cm深|3.CSV,583,depth_delta_raw,6,7,-0.003718435764312744
False positive,1.5cm大|2.0cm深|3.CSV,583,depth_delta_raw,7,0,-0.0029006004333496094
False positive,1.5cm大|2.0cm深|3.CSV,583,depth_delta_raw,7,1,-0.0030974149703979492
False positive,1.5cm大|2.0cm深|3.CSV,583,depth_delta_raw,7,2,-0.002301454544067383
False positive,1.5cm大|2.0cm深|3.CSV,583,depth_delta_raw,7,3,-7.2479248046875e-05
False positive,1.5cm大|2.0cm深|3.CSV,583,depth_delta_raw,7,4,0.000792086124420166
False positive,1.5cm大|2.0cm深|3.CSV,583,depth_delta_raw,7,5,-0.0030204057693481445
False positive,1.5cm大|2.0cm深|3.CSV,583,depth_delta_raw,7,6,-0.002657294273376465
False positive,1.5cm大|2.0cm深|3.CSV,583,depth_delta_raw,7,7,-0.0027812719345092773
False positive,1.5cm大|2.0cm深|3.CSV,583,depth_delta_raw,8,0,-0.0023635029792785645
False positive,1.5cm大|2.0cm深|3.CSV,583,depth_delta_raw,8,1,-0.001216888427734375
False positive,1.5cm大|2.0cm深|3.CSV,583,depth_delta_raw,8,2,-0.0007521510124206543
False positive,1.5cm大|2.0cm深|3.CSV,583,depth_delta_raw,8,3,-0.0003713369369506836
False positive,1.5cm大|2.0cm深|3.CSV,583,depth_delta_raw,8,4,-0.00040668249130249023
False positive,1.5cm大|2.0cm深|3.CSV,583,depth_delta_raw,8,5,-8.344650268554688e-07
False positive,1.5cm大|2.0cm深|3.CSV,583,depth_delta_raw,8,6,-0.0008309483528137207
False positive,1.5cm大|2.0cm深|3.CSV,583,depth_delta_raw,8,7,-0.00261765718460083
False positive,1.5cm大|2.0cm深|3.CSV,583,depth_delta_raw,9,0,-0.002023756504058838
False positive,1.5cm大|2.0cm深|3.CSV,583,depth_delta_raw,9,1,0.001297295093536377
False positive,1.5cm大|2.0cm深|3.CSV,583,depth_delta_raw,9,2,0.002502262592315674
False positive,1.5cm大|2.0cm深|3.CSV,583,depth_delta_raw,9,3,0.00022429227828979492
False positive,1.5cm大|2.0cm深|3.CSV,583,depth_delta_raw,9,4,0.001405477523803711
False positive,1.5cm大|2.0cm深|3.CSV,583,depth_delta_raw,9,5,0.005125463008880615
False positive,1.5cm大|2.0cm深|3.CSV,583,depth_delta_raw,9,6,0.0061411261558532715
False positive,1.5cm大|2.0cm深|3.CSV,583,depth_delta_raw,9,7,-0.001600503921508789
False positive,1.5cm大|2.0cm深|3.CSV,583,depth_delta_raw,10,0,-0.0006820559501647949
False positive,1.5cm大|2.0cm深|3.CSV,583,depth_delta_raw,10,1,0.0021322965621948242
False positive,1.5cm大|2.0cm深|3.CSV,583,depth_delta_raw,10,2,0.004869222640991211
False positive,1.5cm大|2.0cm深|3.CSV,583,depth_delta_raw,10,3,0.0022268295288085938
False positive,1.5cm大|2.0cm深|3.CSV,583,depth_delta_raw,10,4,0.01094144582748413
False positive,1.5cm大|2.0cm深|3.CSV,583,depth_delta_raw,10,5,0.0351865291595459
False positive,1.5cm大|2.0cm深|3.CSV,583,depth_delta_raw,10,6,0.02183544635772705
False positive,1.5cm大|2.0cm深|3.CSV,583,depth_delta_raw,10,7,6.490945816040039e-05
False positive,1.5cm大|2.0cm深|3.CSV,583,depth_delta_raw,11,0,-0.000953972339630127
False positive,1.5cm大|2.0cm深|3.CSV,583,depth_delta_raw,11,1,-0.00031250715255737305
False positive,1.5cm大|2.0cm深|3.CSV,583,depth_delta_raw,11,2,0.0006248950958251953
False positive,1.5cm大|2.0cm深|3.CSV,583,depth_delta_raw,11,3,-0.0005709528923034668
False positive,1.5cm大|2.0cm深|3.CSV,583,depth_delta_raw,11,4,0.001971006393432617
False positive,1.5cm大|2.0cm深|3.CSV,583,depth_delta_raw,11,5,0.016302943229675293
False positive,1.5cm大|2.0cm深|3.CSV,583,depth_delta_raw,11,6,0.023148417472839355
False positive,1.5cm大|2.0cm深|3.CSV,583,depth_delta_raw,11,7,0.004673361778259277
Size-boundary failure,1.25cm大|1.5cm深|3.CSV,67,det_delta_raw,0,0,-0.002383589744567871
Size-boundary failure,1.25cm大|1.5cm深|3.CSV,67,det_delta_raw,0,1,-0.004387497901916504
Size-boundary failure,1.25cm大|1.5cm深|3.CSV,67,det_delta_raw,0,2,-0.0021163225173950195
Size-boundary failure,1.25cm大|1.5cm深|3.CSV,67,det_delta_raw,0,3,0.002230226993560791
Size-boundary failure,1.25cm大|1.5cm深|3.CSV,67,det_delta_raw,0,4,0.003499746322631836
Size-boundary failure,1.25cm大|1.5cm深|3.CSV,67,det_delta_raw,0,5,0.0026521682739257812
Size-boundary failure,1.25cm大|1.5cm深|3.CSV,67,det_delta_raw,0,6,-0.00034618377685546875
Size-boundary failure,1.25cm大|1.5cm深|3.CSV,67,det_delta_raw,0,7,-0.0024039149284362793
Size-boundary failure,1.25cm大|1.5cm深|3.CSV,67,det_delta_raw,1,0,-0.0013992786407470703
Size-boundary failure,1.25cm大|1.5cm深|3.CSV,67,det_delta_raw,1,1,-0.0027573704719543457
Size-boundary failure,1.25cm大|1.5cm深|3.CSV,67,det_delta_raw,1,2,0.0017414689064025879
Size-boundary failure,1.25cm大|1.5cm深|3.CSV,67,det_delta_raw,1,3,0.012199103832244873
Size-boundary failure,1.25cm大|1.5cm深|3.CSV,67,det_delta_raw,1,4,0.023478806018829346
Size-boundary failure,1.25cm大|1.5cm深|3.CSV,67,det_delta_raw,1,5,0.01491636037826538
Size-boundary failure,1.25cm大|1.5cm深|3.CSV,67,det_delta_raw,1,6,0.003577113151550293
Size-boundary failure,1.25cm大|1.5cm深|3.CSV,67,det_delta_raw,1,7,-0.0023881196975708008
Size-boundary failure,1.25cm大|1.5cm深|3.CSV,67,det_delta_raw,2,0,0.0007430315017700195
Size-boundary failure,1.25cm大|1.5cm深|3.CSV,67,det_delta_raw,2,1,0.0025165677070617676
Size-boundary failure,1.25cm大|1.5cm深|3.CSV,67,det_delta_raw,2,2,0.009765386581420898
Size-boundary failure,1.25cm大|1.5cm深|3.CSV,67,det_delta_raw,2,3,0.028910398483276367
Size-boundary failure,1.25cm大|1.5cm深|3.CSV,67,det_delta_raw,2,4,0.054624974727630615
Size-boundary failure,1.25cm大|1.5cm深|3.CSV,67,det_delta_raw,2,5,0.030813992023468018
Size-boundary failure,1.25cm大|1.5cm深|3.CSV,67,det_delta_raw,2,6,-0.005659937858581543
Size-boundary failure,1.25cm大|1.5cm深|3.CSV,67,det_delta_raw,2,7,-0.005120635032653809
Size-boundary failure,1.25cm大|1.5cm深|3.CSV,67,det_delta_raw,3,0,0.004266202449798584
Size-boundary failure,1.25cm大|1.5cm深|3.CSV,67,det_delta_raw,3,1,0.006777822971343994
Size-boundary failure,1.25cm大|1.5cm深|3.CSV,67,det_delta_raw,3,2,0.014823853969573975
Size-boundary failure,1.25cm大|1.5cm深|3.CSV,67,det_delta_raw,3,3,0.03242868185043335
Size-boundary failure,1.25cm大|1.5cm深|3.CSV,67,det_delta_raw,3,4,0.09681987762451172
Size-boundary failure,1.25cm大|1.5cm深|3.CSV,67,det_delta_raw,3,5,0.06689471006393433
Size-boundary failure,1.25cm大|1.5cm深|3.CSV,67,det_delta_raw,3,6,0.0004995465278625488
Size-boundary failure,1.25cm大|1.5cm深|3.CSV,67,det_delta_raw,3,7,-0.015692055225372314
Size-boundary failure,1.25cm大|1.5cm深|3.CSV,67,det_delta_raw,4,0,0.004425704479217529
Size-boundary failure,1.25cm大|1.5cm深|3.CSV,67,det_delta_raw,4,1,0.0016769766807556152
Size-boundary failure,1.25cm大|1.5cm深|3.CSV,67,det_delta_raw,4,2,0.0024446845054626465
Size-boundary failure,1.25cm大|1.5cm深|3.CSV,67,det_delta_raw,4,3,0.03461116552352905
Size-boundary failure,1.25cm大|1.5cm深|3.CSV,67,det_delta_raw,4,4,0.12067705392837524
Size-boundary failure,1.25cm大|1.5cm深|3.CSV,67,det_delta_raw,4,5,0.10451400279998779
Size-boundary failure,1.25cm大|1.5cm深|3.CSV,67,det_delta_raw,4,6,0.006570696830749512
Size-boundary failure,1.25cm大|1.5cm深|3.CSV,67,det_delta_raw,4,7,-0.015219151973724365
Size-boundary failure,1.25cm大|1.5cm深|3.CSV,67,det_delta_raw,5,0,0.0012874603271484375
Size-boundary failure,1.25cm大|1.5cm深|3.CSV,67,det_delta_raw,5,1,-0.0038660764694213867
Size-boundary failure,1.25cm大|1.5cm深|3.CSV,67,det_delta_raw,5,2,-0.0059250593185424805
Size-boundary failure,1.25cm大|1.5cm深|3.CSV,67,det_delta_raw,5,3,0.023507893085479736
Size-boundary failure,1.25cm大|1.5cm深|3.CSV,67,det_delta_raw,5,4,0.07196164131164551
Size-boundary failure,1.25cm大|1.5cm深|3.CSV,67,det_delta_raw,5,5,0.08473235368728638
Size-boundary failure,1.25cm大|1.5cm深|3.CSV,67,det_delta_raw,5,6,0.004496216773986816
Size-boundary failure,1.25cm大|1.5cm深|3.CSV,67,det_delta_raw,5,7,-0.007246732711791992
Size-boundary failure,1.25cm大|1.5cm深|3.CSV,67,det_delta_raw,6,0,0.00013768672943115234
Size-boundary failure,1.25cm大|1.5cm深|3.CSV,67,det_delta_raw,6,1,-0.0025992989540100098
Size-boundary failure,1.25cm大|1.5cm深|3.CSV,67,det_delta_raw,6,2,-0.005673706531524658
Size-boundary failure,1.25cm大|1.5cm深|3.CSV,67,det_delta_raw,6,3,0.0033572912216186523
Size-boundary failure,1.25cm大|1.5cm深|3.CSV,67,det_delta_raw,6,4,0.0476609468460083
Size-boundary failure,1.25cm大|1.5cm深|3.CSV,67,det_delta_raw,6,5,0.04600846767425537
Size-boundary failure,1.25cm大|1.5cm深|3.CSV,67,det_delta_raw,6,6,0.01216655969619751
Size-boundary failure,1.25cm大|1.5cm深|3.CSV,67,det_delta_raw,6,7,-0.0015162229537963867
Size-boundary failure,1.25cm大|1.5cm深|3.CSV,67,det_delta_raw,7,0,0.0014352202415466309
Size-boundary failure,1.25cm大|1.5cm深|3.CSV,67,det_delta_raw,7,1,-0.00022739171981811523
Size-boundary failure,1.25cm大|1.5cm深|3.CSV,67,det_delta_raw,7,2,0.0003667473793029785
Size-boundary failure,1.25cm大|1.5cm深|3.CSV,67,det_delta_raw,7,3,0.008114457130432129
Size-boundary failure,1.25cm大|1.5cm深|3.CSV,67,det_delta_raw,7,4,0.02495884895324707
Size-boundary failure,1.25cm大|1.5cm深|3.CSV,67,det_delta_raw,7,5,0.02205270528793335
Size-boundary failure,1.25cm大|1.5cm深|3.CSV,67,det_delta_raw,7,6,0.0036435723304748535
Size-boundary failure,1.25cm大|1.5cm深|3.CSV,67,det_delta_raw,7,7,-0.00659942626953125
Size-boundary failure,1.25cm大|1.5cm深|3.CSV,67,det_delta_raw,8,0,0.0025179386138916016
Size-boundary failure,1.25cm大|1.5cm深|3.CSV,67,det_delta_raw,8,1,0.0010213255882263184
Size-boundary failure,1.25cm大|1.5cm深|3.CSV,67,det_delta_raw,8,2,0.0015532374382019043
Size-boundary failure,1.25cm大|1.5cm深|3.CSV,67,det_delta_raw,8,3,0.004687905311584473
Size-boundary failure,1.25cm大|1.5cm深|3.CSV,67,det_delta_raw,8,4,0.0079994797706604
Size-boundary failure,1.25cm大|1.5cm深|3.CSV,67,det_delta_raw,8,5,0.004721105098724365
Size-boundary failure,1.25cm大|1.5cm深|3.CSV,67,det_delta_raw,8,6,-0.0025394558906555176
Size-boundary failure,1.25cm大|1.5cm深|3.CSV,67,det_delta_raw,8,7,-0.007213890552520752
Size-boundary failure,1.25cm大|1.5cm深|3.CSV,67,det_delta_raw,9,0,0.0025467276573181152
Size-boundary failure,1.25cm大|1.5cm深|3.CSV,67,det_delta_raw,9,1,0.0026034116744995117
Size-boundary failure,1.25cm大|1.5cm深|3.CSV,67,det_delta_raw,9,2,0.0053310394287109375
Size-boundary failure,1.25cm大|1.5cm深|3.CSV,67,det_delta_raw,9,3,0.009190976619720459
Size-boundary failure,1.25cm大|1.5cm深|3.CSV,67,det_delta_raw,9,4,0.010791480541229248
Size-boundary failure,1.25cm大|1.5cm深|3.CSV,67,det_delta_raw,9,5,0.006940305233001709
Size-boundary failure,1.25cm大|1.5cm深|3.CSV,67,det_delta_raw,9,6,0.0011224746704101562
Size-boundary failure,1.25cm大|1.5cm深|3.CSV,67,det_delta_raw,9,7,-0.00376737117767334
Size-boundary failure,1.25cm大|1.5cm深|3.CSV,67,det_delta_raw,10,0,0.001394033432006836
Size-boundary failure,1.25cm大|1.5cm深|3.CSV,67,det_delta_raw,10,1,0.002753615379333496
Size-boundary failure,1.25cm大|1.5cm深|3.CSV,67,det_delta_raw,10,2,0.005955219268798828
Size-boundary failure,1.25cm大|1.5cm深|3.CSV,67,det_delta_raw,10,3,0.009560346603393555
Size-boundary failure,1.25cm大|1.5cm深|3.CSV,67,det_delta_raw,10,4,0.012148618698120117
Size-boundary failure,1.25cm大|1.5cm深|3.CSV,67,det_delta_raw,10,5,0.008017182350158691
Size-boundary failure,1.25cm大|1.5cm深|3.CSV,67,det_delta_raw,10,6,0.0005565881729125977
Size-boundary failure,1.25cm大|1.5cm深|3.CSV,67,det_delta_raw,10,7,-0.002750873565673828
Size-boundary failure,1.25cm大|1.5cm深|3.CSV,67,det_delta_raw,11,0,-0.0005326271057128906
Size-boundary failure,1.25cm大|1.5cm深|3.CSV,67,det_delta_raw,11,1,-0.0004190802574157715
Size-boundary failure,1.25cm大|1.5cm深|3.CSV,67,det_delta_raw,11,2,-0.00010025501251220703
Size-boundary failure,1.25cm大|1.5cm深|3.CSV,67,det_delta_raw,11,3,0.000925600528717041
Size-boundary failure,1.25cm大|1.5cm深|3.CSV,67,det_delta_raw,11,4,0.0030800700187683105
Size-boundary failure,1.25cm大|1.5cm深|3.CSV,67,det_delta_raw,11,5,0.0016465187072753906
Size-boundary failure,1.25cm大|1.5cm深|3.CSV,67,det_delta_raw,11,6,-0.0022829771041870117
Size-boundary failure,1.25cm大|1.5cm深|3.CSV,67,det_delta_raw,11,7,-0.0027931928634643555
Size-boundary failure,1.25cm大|1.5cm深|3.CSV,67,size_delta_raw,0,0,0.04252570867538452
Size-boundary failure,1.25cm大|1.5cm深|3.CSV,67,size_delta_raw,0,1,0.06835037469863892
Size-boundary failure,1.25cm大|1.5cm深|3.CSV,67,size_delta_raw,0,2,0.08288651704788208
Size-boundary failure,1.25cm大|1.5cm深|3.CSV,67,size_delta_raw,0,3,0.08365660905838013
Size-boundary failure,1.25cm大|1.5cm深|3.CSV,67,size_delta_raw,0,4,-0.061285555362701416
Size-boundary failure,1.25cm大|1.5cm深|3.CSV,67,size_delta_raw,0,5,-0.0346490740776062
Size-boundary failure,1.25cm大|1.5cm深|3.CSV,67,size_delta_raw,0,6,-0.06154590845108032
Size-boundary failure,1.25cm大|1.5cm深|3.CSV,67,size_delta_raw,0,7,-0.010327756404876709
Size-boundary failure,1.25cm大|1.5cm深|3.CSV,67,size_delta_raw,1,0,0.046663105487823486
Size-boundary failure,1.25cm大|1.5cm深|3.CSV,67,size_delta_raw,1,1,0.06411337852478027
Size-boundary failure,1.25cm大|1.5cm深|3.CSV,67,size_delta_raw,1,2,0.07583343982696533
Size-boundary failure,1.25cm大|1.5cm深|3.CSV,67,size_delta_raw,1,3,-0.050112903118133545
Size-boundary failure,1.25cm大|1.5cm深|3.CSV,67,size_delta_raw,1,4,-0.44310206174850464
Size-boundary failure,1.25cm大|1.5cm深|3.CSV,67,size_delta_raw,1,5,-0.1989186406135559
Size-boundary failure,1.25cm大|1.5cm深|3.CSV,67,size_delta_raw,1,6,0.052250802516937256
Size-boundary failure,1.25cm大|1.5cm深|3.CSV,67,size_delta_raw,1,7,0.04615342617034912
Size-boundary failure,1.25cm大|1.5cm深|3.CSV,67,size_delta_raw,2,0,0.02848416566848755
Size-boundary failure,1.25cm大|1.5cm深|3.CSV,67,size_delta_raw,2,1,0.0626344084739685
Size-boundary failure,1.25cm大|1.5cm深|3.CSV,67,size_delta_raw,2,2,-0.24270761013031006
Size-boundary failure,1.25cm大|1.5cm深|3.CSV,67,size_delta_raw,2,3,0.005356550216674805
Size-boundary failure,1.25cm大|1.5cm深|3.CSV,67,size_delta_raw,2,4,-0.5575092434883118
Size-boundary failure,1.25cm大|1.5cm深|3.CSV,67,size_delta_raw,2,5,-0.43979889154434204
Size-boundary failure,1.25cm大|1.5cm深|3.CSV,67,size_delta_raw,2,6,0.15734434127807617
Size-boundary failure,1.25cm大|1.5cm深|3.CSV,67,size_delta_raw,2,7,0.014851391315460205
Size-boundary failure,1.25cm大|1.5cm深|3.CSV,67,size_delta_raw,3,0,0.04629480838775635
Size-boundary failure,1.25cm大|1.5cm深|3.CSV,67,size_delta_raw,3,1,0.046958327293395996
Size-boundary failure,1.25cm大|1.5cm深|3.CSV,67,size_delta_raw,3,2,-0.4831753373146057
Size-boundary failure,1.25cm大|1.5cm深|3.CSV,67,size_delta_raw,3,3,-0.3188745379447937
Size-boundary failure,1.25cm大|1.5cm深|3.CSV,67,size_delta_raw,3,4,-0.12573659420013428
Size-boundary failure,1.25cm大|1.5cm深|3.CSV,67,size_delta_raw,3,5,-0.051582932472229004
Size-boundary failure,1.25cm大|1.5cm深|3.CSV,67,size_delta_raw,3,6,0.03669244050979614
Size-boundary failure,1.25cm大|1.5cm深|3.CSV,67,size_delta_raw,3,7,0.027560114860534668
Size-boundary failure,1.25cm大|1.5cm深|3.CSV,67,size_delta_raw,4,0,0.05964815616607666
Size-boundary failure,1.25cm大|1.5cm深|3.CSV,67,size_delta_raw,4,1,0.06341356039047241
Size-boundary failure,1.25cm大|1.5cm深|3.CSV,67,size_delta_raw,4,2,0.03171056509017944
Size-boundary failure,1.25cm大|1.5cm深|3.CSV,67,size_delta_raw,4,3,-0.4854901432991028
Size-boundary failure,1.25cm大|1.5cm深|3.CSV,67,size_delta_raw,4,4,-0.26469528675079346
Size-boundary failure,1.25cm大|1.5cm深|3.CSV,67,size_delta_raw,4,5,-0.06441986560821533
Size-boundary failure,1.25cm大|1.5cm深|3.CSV,67,size_delta_raw,4,6,-0.001450181007385254
Size-boundary failure,1.25cm大|1.5cm深|3.CSV,67,size_delta_raw,4,7,0.06940865516662598
Size-boundary failure,1.25cm大|1.5cm深|3.CSV,67,size_delta_raw,5,0,0.005057275295257568
Size-boundary failure,1.25cm大|1.5cm深|3.CSV,67,size_delta_raw,5,1,0.0940408706665039
Size-boundary failure,1.25cm大|1.5cm深|3.CSV,67,size_delta_raw,5,2,0.06094127893447876
Size-boundary failure,1.25cm大|1.5cm深|3.CSV,67,size_delta_raw,5,3,-0.44009238481521606
Size-boundary failure,1.25cm大|1.5cm深|3.CSV,67,size_delta_raw,5,4,-0.3249390721321106
Size-boundary failure,1.25cm大|1.5cm深|3.CSV,67,size_delta_raw,5,5,-0.06278741359710693
Size-boundary failure,1.25cm大|1.5cm深|3.CSV,67,size_delta_raw,5,6,0.12255829572677612
Size-boundary failure,1.25cm大|1.5cm深|3.CSV,67,size_delta_raw,5,7,0.10649365186691284
Size-boundary failure,1.25cm大|1.5cm深|3.CSV,67,size_delta_raw,6,0,-0.0132179856300354
Size-boundary failure,1.25cm大|1.5cm深|3.CSV,67,size_delta_raw,6,1,-0.025899231433868408
Size-boundary failure,1.25cm大|1.5cm深|3.CSV,67,size_delta_raw,6,2,0.10943204164505005
Size-boundary failure,1.25cm大|1.5cm深|3.CSV,67,size_delta_raw,6,3,-0.08979582786560059
Size-boundary failure,1.25cm大|1.5cm深|3.CSV,67,size_delta_raw,6,4,-0.40486377477645874
Size-boundary failure,1.25cm大|1.5cm深|3.CSV,67,size_delta_raw,6,5,-0.7122406363487244
Size-boundary failure,1.25cm大|1.5cm深|3.CSV,67,size_delta_raw,6,6,-0.09292912483215332
Size-boundary failure,1.25cm大|1.5cm深|3.CSV,67,size_delta_raw,6,7,0.039176344871520996
Size-boundary failure,1.25cm大|1.5cm深|3.CSV,67,size_delta_raw,7,0,-0.007055163383483887
Size-boundary failure,1.25cm大|1.5cm深|3.CSV,67,size_delta_raw,7,1,-0.016562461853027344
Size-boundary failure,1.25cm大|1.5cm深|3.CSV,67,size_delta_raw,7,2,-0.03062659502029419
Size-boundary failure,1.25cm大|1.5cm深|3.CSV,67,size_delta_raw,7,3,-0.017840862274169922
Size-boundary failure,1.25cm大|1.5cm深|3.CSV,67,size_delta_raw,7,4,-0.2912018895149231
Size-boundary failure,1.25cm大|1.5cm深|3.CSV,67,size_delta_raw,7,5,-0.5163759589195251
Size-boundary failure,1.25cm大|1.5cm深|3.CSV,67,size_delta_raw,7,6,-0.14423483610153198
Size-boundary failure,1.25cm大|1.5cm深|3.CSV,67,size_delta_raw,7,7,-0.008229732513427734
Size-boundary failure,1.25cm大|1.5cm深|3.CSV,67,size_delta_raw,8,0,0.011717498302459717
Size-boundary failure,1.25cm大|1.5cm深|3.CSV,67,size_delta_raw,8,1,0.01030200719833374
Size-boundary failure,1.25cm大|1.5cm深|3.CSV,67,size_delta_raw,8,2,0.0013749003410339355
Size-boundary failure,1.25cm大|1.5cm深|3.CSV,67,size_delta_raw,8,3,-0.028023898601531982
Size-boundary failure,1.25cm大|1.5cm深|3.CSV,67,size_delta_raw,8,4,-0.1701732873916626
Size-boundary failure,1.25cm大|1.5cm深|3.CSV,67,size_delta_raw,8,5,-0.22441834211349487
Size-boundary failure,1.25cm大|1.5cm深|3.CSV,67,size_delta_raw,8,6,-0.07574743032455444
Size-boundary failure,1.25cm大|1.5cm深|3.CSV,67,size_delta_raw,8,7,0.019660592079162598
Size-boundary failure,1.25cm大|1.5cm深|3.CSV,67,size_delta_raw,9,0,0.005665481090545654
Size-boundary failure,1.25cm大|1.5cm深|3.CSV,67,size_delta_raw,9,1,0.003627479076385498
Size-boundary failure,1.25cm大|1.5cm深|3.CSV,67,size_delta_raw,9,2,-0.007416784763336182
Size-boundary failure,1.25cm大|1.5cm深|3.CSV,67,size_delta_raw,9,3,-0.00870966911315918
Size-boundary failure,1.25cm大|1.5cm深|3.CSV,67,size_delta_raw,9,4,-0.11530619859695435
Size-boundary failure,1.25cm大|1.5cm深|3.CSV,67,size_delta_raw,9,5,-0.14262276887893677
Size-boundary failure,1.25cm大|1.5cm深|3.CSV,67,size_delta_raw,9,6,-0.04752814769744873
Size-boundary failure,1.25cm大|1.5cm深|3.CSV,67,size_delta_raw,9,7,0.009283244609832764
Size-boundary failure,1.25cm大|1.5cm深|3.CSV,67,size_delta_raw,10,0,0.005643069744110107
Size-boundary failure,1.25cm大|1.5cm深|3.CSV,67,size_delta_raw,10,1,-0.02427804470062256
Size-boundary failure,1.25cm大|1.5cm深|3.CSV,67,size_delta_raw,10,2,-0.06473827362060547
Size-boundary failure,1.25cm大|1.5cm深|3.CSV,67,size_delta_raw,10,3,-0.08979713916778564
Size-boundary failure,1.25cm大|1.5cm深|3.CSV,67,size_delta_raw,10,4,-0.1551569104194641
Size-boundary failure,1.25cm大|1.5cm深|3.CSV,67,size_delta_raw,10,5,-0.18131935596466064
Size-boundary failure,1.25cm大|1.5cm深|3.CSV,67,size_delta_raw,10,6,-0.04807513952255249
Size-boundary failure,1.25cm大|1.5cm深|3.CSV,67,size_delta_raw,10,7,0.001145780086517334
Size-boundary failure,1.25cm大|1.5cm深|3.CSV,67,size_delta_raw,11,0,0.005434572696685791
Size-boundary failure,1.25cm大|1.5cm深|3.CSV,67,size_delta_raw,11,1,-0.006618380546569824
Size-boundary failure,1.25cm大|1.5cm深|3.CSV,67,size_delta_raw,11,2,-0.020504653453826904
Size-boundary failure,1.25cm大|1.5cm深|3.CSV,67,size_delta_raw,11,3,-0.02592414617538452
Size-boundary failure,1.25cm大|1.5cm深|3.CSV,67,size_delta_raw,11,4,-0.06723159551620483
Size-boundary failure,1.25cm大|1.5cm深|3.CSV,67,size_delta_raw,11,5,-0.08726400136947632
Size-boundary failure,1.25cm大|1.5cm深|3.CSV,67,size_delta_raw,11,6,-0.039921343326568604
Size-boundary failure,1.25cm大|1.5cm深|3.CSV,67,size_delta_raw,11,7,-0.012450754642486572
Size-boundary failure,1.25cm大|1.5cm深|3.CSV,67,depth_delta_raw,0,0,-0.00025284290313720703
Size-boundary failure,1.25cm大|1.5cm深|3.CSV,67,depth_delta_raw,0,1,-0.0003039240837097168
Size-boundary failure,1.25cm大|1.5cm深|3.CSV,67,depth_delta_raw,0,2,-0.0001347064971923828
Size-boundary failure,1.25cm大|1.5cm深|3.CSV,67,depth_delta_raw,0,3,0.005674421787261963
Size-boundary failure,1.25cm大|1.5cm深|3.CSV,67,depth_delta_raw,0,4,0.009478449821472168
Size-boundary failure,1.25cm大|1.5cm深|3.CSV,67,depth_delta_raw,0,5,0.0008653402328491211
Size-boundary failure,1.25cm大|1.5cm深|3.CSV,67,depth_delta_raw,0,6,0.00031810998916625977
Size-boundary failure,1.25cm大|1.5cm深|3.CSV,67,depth_delta_raw,0,7,0.0003523826599121094
Size-boundary failure,1.25cm大|1.5cm深|3.CSV,67,depth_delta_raw,1,0,-0.00021588802337646484
Size-boundary failure,1.25cm大|1.5cm深|3.CSV,67,depth_delta_raw,1,1,-0.0004571676254272461
Size-boundary failure,1.25cm大|1.5cm深|3.CSV,67,depth_delta_raw,1,2,0.0026345252990722656
Size-boundary failure,1.25cm大|1.5cm深|3.CSV,67,depth_delta_raw,1,3,0.615480899810791
Size-boundary failure,1.25cm大|1.5cm深|3.CSV,67,depth_delta_raw,1,4,0.34602266550064087
Size-boundary failure,1.25cm大|1.5cm深|3.CSV,67,depth_delta_raw,1,5,0.0017500519752502441
Size-boundary failure,1.25cm大|1.5cm深|3.CSV,67,depth_delta_raw,1,6,-0.00045037269592285156
Size-boundary failure,1.25cm大|1.5cm深|3.CSV,67,depth_delta_raw,1,7,-0.00027573108673095703
Size-boundary failure,1.25cm大|1.5cm深|3.CSV,67,depth_delta_raw,2,0,-0.00023639202117919922
Size-boundary failure,1.25cm大|1.5cm深|3.CSV,67,depth_delta_raw,2,1,-0.0005756020545959473
Size-boundary failure,1.25cm大|1.5cm深|3.CSV,67,depth_delta_raw,2,2,0.007169842720031738
Size-boundary failure,1.25cm大|1.5cm深|3.CSV,67,depth_delta_raw,2,3,0.9956488013267517
Size-boundary failure,1.25cm大|1.5cm深|3.CSV,67,depth_delta_raw,2,4,0.9993085861206055
Size-boundary failure,1.25cm大|1.5cm深|3.CSV,67,depth_delta_raw,2,5,0.06616568565368652
Size-boundary failure,1.25cm大|1.5cm深|3.CSV,67,depth_delta_raw,2,6,-0.0005772709846496582
Size-boundary failure,1.25cm大|1.5cm深|3.CSV,67,depth_delta_raw,2,7,-0.00029140710830688477
Size-boundary failure,1.25cm大|1.5cm深|3.CSV,67,depth_delta_raw,3,0,-0.0003612637519836426
Size-boundary failure,1.25cm大|1.5cm深|3.CSV,67,depth_delta_raw,3,1,-0.0006203055381774902
Size-boundary failure,1.25cm大|1.5cm深|3.CSV,67,depth_delta_raw,3,2,-0.0002976059913635254
Size-boundary failure,1.25cm大|1.5cm深|3.CSV,67,depth_delta_raw,3,3,0.0028601884841918945
Size-boundary failure,1.25cm大|1.5cm深|3.CSV,67,depth_delta_raw,3,4,0.868292510509491
Size-boundary failure,1.25cm大|1.5cm深|3.CSV,67,depth_delta_raw,3,5,0.9960724711418152
Size-boundary failure,1.25cm大|1.5cm深|3.CSV,67,depth_delta_raw,3,6,0.6307361125946045
Size-boundary failure,1.25cm大|1.5cm深|3.CSV,67,depth_delta_raw,3,7,-0.00011134147644042969
Size-boundary failure,1.25cm大|1.5cm深|3.CSV,67,depth_delta_raw,4,0,-0.00033217668533325195
Size-boundary failure,1.25cm大|1.5cm深|3.CSV,67,depth_delta_raw,4,1,-0.000543057918548584
Size-boundary failure,1.25cm大|1.5cm深|3.CSV,67,depth_delta_raw,4,2,0.004119873046875
Size-boundary failure,1.25cm大|1.5cm深|3.CSV,67,depth_delta_raw,4,3,0.9196364879608154
Size-boundary failure,1.25cm大|1.5cm深|3.CSV,67,depth_delta_raw,4,4,0.999275803565979
Size-boundary failure,1.25cm大|1.5cm深|3.CSV,67,depth_delta_raw,4,5,0.9992526173591614
Size-boundary failure,1.25cm大|1.5cm深|3.CSV,67,depth_delta_raw,4,6,0.9663311839103699
Size-boundary failure,1.25cm大|1.5cm深|3.CSV,67,depth_delta_raw,4,7,-5.739927291870117e-05
Size-boundary failure,1.25cm大|1.5cm深|3.CSV,67,depth_delta_raw,5,0,-5.048513412475586e-05
Size-boundary failure,1.25cm大|1.5cm深|3.CSV,67,depth_delta_raw,5,1,-0.0005437731742858887
Size-boundary failure,1.25cm大|1.5cm深|3.CSV,67,depth_delta_raw,5,2,-0.0006211400032043457
Size-boundary failure,1.25cm大|1.5cm深|3.CSV,67,depth_delta_raw,5,3,0.987920343875885
Size-boundary failure,1.25cm大|1.5cm深|3.CSV,67,depth_delta_raw,5,4,0.9993199706077576
Size-boundary failure,1.25cm大|1.5cm深|3.CSV,67,depth_delta_raw,5,5,0.9990059733390808
Size-boundary failure,1.25cm大|1.5cm深|3.CSV,67,depth_delta_raw,5,6,0.08531129360198975
Size-boundary failure,1.25cm大|1.5cm深|3.CSV,67,depth_delta_raw,5,7,-0.0005260109901428223
Size-boundary failure,1.25cm大|1.5cm深|3.CSV,67,depth_delta_raw,6,0,2.6524066925048828e-05
Size-boundary failure,1.25cm大|1.5cm深|3.CSV,67,depth_delta_raw,6,1,0.00012993812561035156
Size-boundary failure,1.25cm大|1.5cm深|3.CSV,67,depth_delta_raw,6,2,-0.00042831897735595703
Size-boundary failure,1.25cm大|1.5cm深|3.CSV,67,depth_delta_raw,6,3,0.008794546127319336
Size-boundary failure,1.25cm大|1.5cm深|3.CSV,67,depth_delta_raw,6,4,0.8935602307319641
Size-boundary failure,1.25cm大|1.5cm深|3.CSV,67,depth_delta_raw,6,5,0.033573925495147705
Size-boundary failure,1.25cm大|1.5cm深|3.CSV,67,depth_delta_raw,6,6,-0.0004800558090209961
Size-boundary failure,1.25cm大|1.5cm深|3.CSV,67,depth_delta_raw,6,7,-0.00041675567626953125
Size-boundary failure,1.25cm大|1.5cm深|3.CSV,67,depth_delta_raw,7,0,1.7344951629638672e-05
Size-boundary failure,1.25cm大|1.5cm深|3.CSV,67,depth_delta_raw,7,1,0.0001927018165588379
Size-boundary failure,1.25cm大|1.5cm深|3.CSV,67,depth_delta_raw,7,2,0.0007534623146057129
Size-boundary failure,1.25cm大|1.5cm深|3.CSV,67,depth_delta_raw,7,3,0.00205153226852417
Size-boundary failure,1.25cm大|1.5cm深|3.CSV,67,depth_delta_raw,7,4,0.048641324043273926
Size-boundary failure,1.25cm大|1.5cm深|3.CSV,67,depth_delta_raw,7,5,0.0004763007164001465
Size-boundary failure,1.25cm大|1.5cm深|3.CSV,67,depth_delta_raw,7,6,-0.0002224445343017578
Size-boundary failure,1.25cm大|1.5cm深|3.CSV,67,depth_delta_raw,7,7,-0.00014919042587280273
Size-boundary failure,1.25cm大|1.5cm深|3.CSV,67,depth_delta_raw,8,0,-6.204843521118164e-05
Size-boundary failure,1.25cm大|1.5cm深|3.CSV,67,depth_delta_raw,8,1,8.249282836914062e-05
Size-boundary failure,1.25cm大|1.5cm深|3.CSV,67,depth_delta_raw,8,2,0.00023031234741210938
Size-boundary failure,1.25cm大|1.5cm深|3.CSV,67,depth_delta_raw,8,3,0.0002884864807128906
Size-boundary failure,1.25cm大|1.5cm深|3.CSV,67,depth_delta_raw,8,4,0.00036901235580444336
Size-boundary failure,1.25cm大|1.5cm深|3.CSV,67,depth_delta_raw,8,5,8.630752563476562e-05
Size-boundary failure,1.25cm大|1.5cm深|3.CSV,67,depth_delta_raw,8,6,-0.0003840923309326172
Size-boundary failure,1.25cm大|1.5cm深|3.CSV,67,depth_delta_raw,8,7,-0.00022673606872558594
Size-boundary failure,1.25cm大|1.5cm深|3.CSV,67,depth_delta_raw,9,0,-8.976459503173828e-05
Size-boundary failure,1.25cm大|1.5cm深|3.CSV,67,depth_delta_raw,9,1,0.0001774430274963379
Size-boundary failure,1.25cm大|1.5cm深|3.CSV,67,depth_delta_raw,9,2,0.00027763843536376953
Size-boundary failure,1.25cm大|1.5cm深|3.CSV,67,depth_delta_raw,9,3,0.00023162364959716797
Size-boundary failure,1.25cm大|1.5cm深|3.CSV,67,depth_delta_raw,9,4,0.0011371970176696777
Size-boundary failure,1.25cm大|1.5cm深|3.CSV,67,depth_delta_raw,9,5,0.0005815625190734863
Size-boundary failure,1.25cm大|1.5cm深|3.CSV,67,depth_delta_raw,9,6,2.7000904083251953e-05
Size-boundary failure,1.25cm大|1.5cm深|3.CSV,67,depth_delta_raw,9,7,6.151199340820312e-05
Size-boundary failure,1.25cm大|1.5cm深|3.CSV,67,depth_delta_raw,10,0,-7.838010787963867e-05
Size-boundary failure,1.25cm大|1.5cm深|3.CSV,67,depth_delta_raw,10,1,0.00045752525329589844
Size-boundary failure,1.25cm大|1.5cm深|3.CSV,67,depth_delta_raw,10,2,0.001667022705078125
Size-boundary failure,1.25cm大|1.5cm深|3.CSV,67,depth_delta_raw,10,3,0.002827882766723633
Size-boundary failure,1.25cm大|1.5cm深|3.CSV,67,depth_delta_raw,10,4,0.017222344875335693
Size-boundary failure,1.25cm大|1.5cm深|3.CSV,67,depth_delta_raw,10,5,0.02910679578781128
Size-boundary failure,1.25cm大|1.5cm深|3.CSV,67,depth_delta_raw,10,6,0.001215815544128418
Size-boundary failure,1.25cm大|1.5cm深|3.CSV,67,depth_delta_raw,10,7,0.0003523826599121094
Size-boundary failure,1.25cm大|1.5cm深|3.CSV,67,depth_delta_raw,11,0,-6.03795051574707e-05
Size-boundary failure,1.25cm大|1.5cm深|3.CSV,67,depth_delta_raw,11,1,0.00010949373245239258
Size-boundary failure,1.25cm大|1.5cm深|3.CSV,67,depth_delta_raw,11,2,0.00032573938369750977
Size-boundary failure,1.25cm大|1.5cm深|3.CSV,67,depth_delta_raw,11,3,0.0005105733871459961
Size-boundary failure,1.25cm大|1.5cm深|3.CSV,67,depth_delta_raw,11,4,0.00240933895111084
Size-boundary failure,1.25cm大|1.5cm深|3.CSV,67,depth_delta_raw,11,5,0.0036974549293518066
Size-boundary failure,1.25cm大|1.5cm深|3.CSV,67,depth_delta_raw,11,6,0.001467883586883545
Size-boundary failure,1.25cm大|1.5cm深|3.CSV,67,depth_delta_raw,11,7,0.0007104277610778809
