fpr,tpr,threshold
0.0,0.0,
0.0,0.0008703220191470844,0.8314494490623474
0.0,0.0026109660574412533,0.8272479772567749
0.0011862396204033216,0.0026109660574412533,0.8247277140617371
0.0011862396204033216,0.006092254134029591,0.8162083029747009
0.0015816528272044287,0.006092254134029591,0.8158126473426819
0.0015816528272044287,0.015665796344647518,0.809797465801239
0.0019770660340055358,0.015665796344647518,0.8059236407279968
0.0019770660340055358,0.016536118363794605,0.805282711982727
0.002372479240806643,0.016536118363794605,0.8044365644454956
0.002372479240806643,0.017406440382941687,0.803127646446228
0.0031633056544088573,0.017406440382941687,0.8027056455612183
0.0031633056544088573,0.018276762402088774,0.8026248812675476
0.0035587188612099642,0.018276762402088774,0.8019448518753052
0.0035587188612099642,0.019147084421235857,0.801898717880249
0.004744958481613286,0.019147084421235857,0.7996984720230103
0.004744958481613286,0.020017406440382943,0.799514889717102
0.0055357848952155,0.020017406440382943,0.7990385293960571
0.0055357848952155,0.020887728459530026,0.7988558411598206
0.005931198102016607,0.020887728459530026,0.798783004283905
0.005931198102016607,0.026979982593559618,0.7959105968475342
0.006326611308817715,0.026979982593559618,0.7949228882789612
0.006326611308817715,0.0278503046127067,0.7948790192604065
0.0071174377224199285,0.0278503046127067,0.7946792840957642
0.0071174377224199285,0.028720626631853787,0.7944286465644836
0.00830367734282325,0.028720626631853787,0.7933413982391357
0.00830367734282325,0.02959094865100087,0.793087899684906
0.008699090549624358,0.02959094865100087,0.793077826499939
0.008699090549624358,0.030461270670147953,0.7926416397094727
0.009094503756425464,0.030461270670147953,0.7923294305801392
0.009094503756425464,0.03220191470844212,0.7918818593025208
0.009885330170027679,0.03220191470844212,0.7917064428329468
0.009885330170027679,0.03568320278503046,0.7907809019088745
0.010676156583629894,0.03568320278503046,0.7906882762908936
0.010676156583629894,0.040905134899912966,0.789420485496521
0.011071569790431,0.040905134899912966,0.7891973853111267
0.011071569790431,0.04177545691906005,0.789126992225647
0.011466982997232108,0.04177545691906005,0.7890084981918335
0.011466982997232108,0.04525674499564839,0.7883674502372742
0.011862396204033215,0.04525674499564839,0.7882591485977173
0.011862396204033215,0.04612706701479547,0.7881969213485718
0.012257809410834321,0.04612706701479547,0.7881465554237366
0.012257809410834321,0.04699738903394256,0.7881067395210266
0.01265322261763543,0.04699738903394256,0.7879330515861511
0.01265322261763543,0.047867711053089644,0.7879087924957275
0.013444049031237644,0.047867711053089644,0.7873868346214294
0.013444049031237644,0.04873803307223673,0.7872689366340637
0.01383946223803875,0.04873803307223673,0.7872037291526794
0.01383946223803875,0.050478677110530897,0.786592960357666
0.014630288651640965,0.050478677110530897,0.786429226398468
0.014630288651640965,0.05134899912967798,0.7863926887512207
0.015816528272044286,0.05134899912967798,0.7858147025108337
0.015816528272044286,0.05221932114882506,0.785509467124939
0.016211941478845394,0.05221932114882506,0.785103976726532
0.016211941478845394,0.05308964316797215,0.7849518060684204
0.0166073546856465,0.05308964316797215,0.784898579120636
0.0166073546856465,0.053959965187119235,0.7847216725349426
0.017793594306049824,0.053959965187119235,0.7838813066482544
0.017793594306049824,0.05483028720626632,0.7834344506263733
0.01818900751285093,0.05483028720626632,0.7834008932113647
0.01818900751285093,0.0557006092254134,0.783344030380249
0.01937524713325425,0.0557006092254134,0.7830085158348083
0.01937524713325425,0.060922541340295906,0.7820721864700317
0.019770660340055358,0.060922541340295906,0.7820606827735901
0.019770660340055358,0.06353350739773717,0.7814094424247742
0.020166073546856466,0.06353350739773717,0.7813464403152466
0.020166073546856466,0.06440382941688425,0.7811771035194397
0.02056148675365757,0.06440382941688425,0.7811238169670105
0.02056148675365757,0.06527415143603134,0.7811163067817688
0.022538552787663108,0.06527415143603134,0.7805554866790771
0.022538552787663108,0.07136640557006092,0.7797415852546692
0.02332937920126532,0.07136640557006092,0.7795972228050232
0.02332937920126532,0.0731070496083551,0.7792694568634033
0.02372479240806643,0.0731070496083551,0.7792635560035706
0.02372479240806643,0.08093994778067885,0.7773472666740417
0.024120205614867538,0.08093994778067885,0.7773059606552124
0.024120205614867538,0.08268059181897303,0.7769752144813538
0.024515618821668642,0.08268059181897303,0.7769531607627869
0.024515618821668642,0.08529155787641428,0.7761004567146301
0.02491103202846975,0.08529155787641428,0.7760103940963745
0.02491103202846975,0.08616187989556136,0.7757676839828491
0.02609727164887307,0.08616187989556136,0.7754716277122498
0.02609727164887307,0.08790252393385553,0.7753846049308777
0.02649268485567418,0.08790252393385553,0.7751993536949158
0.02649268485567418,0.08964316797214969,0.7751363515853882
0.026888098062475288,0.08964316797214969,0.775077223777771
0.026888098062475288,0.09312445604873804,0.7742851376533508
0.027283511269276393,0.09312445604873804,0.774273157119751
0.027283511269276393,0.09399477806788512,0.7739444375038147
0.0276789244760775,0.09399477806788512,0.7735404372215271
0.0276789244760775,0.09834638816362054,0.7724158763885498
0.02807433768287861,0.09834638816362054,0.7722377181053162
0.02807433768287861,0.10095735422106179,0.7718743085861206
0.028469750889679714,0.10095735422106179,0.7715681195259094
0.028469750889679714,0.10966057441253264,0.7708677649497986
0.028865164096480822,0.10966057441253264,0.770811140537262
0.028865164096480822,0.11314186248912098,0.7705210447311401
0.02926057730328193,0.11314186248912098,0.7704476118087769
0.02926057730328193,0.11575282854656223,0.7702021598815918
0.030051403716884143,0.11575282854656223,0.7699745893478394
0.030051403716884143,0.11923411662315056,0.7694719433784485
0.03044681692368525,0.11923411662315056,0.7694193124771118
0.03044681692368525,0.12184508268059181,0.768269956111908
0.03084223013048636,0.12184508268059181,0.7681819200515747
0.03084223013048636,0.13228894691035684,0.766891598701477
0.031237643337287464,0.13228894691035684,0.7667224407196045
0.031237643337287464,0.14186248912097477,0.7650557160377502
0.03163305654408857,0.14186248912097477,0.7644725441932678
0.03163305654408857,0.14360313315926893,0.7642797827720642
0.03242388295769079,0.14360313315926893,0.7638854384422302
0.03242388295769079,0.1496953872932985,0.7627755999565125
0.0328192961644919,0.1496953872932985,0.7627741694450378
0.0328192961644919,0.15056570931244562,0.7627285718917847
0.033214709371293,0.15056570931244562,0.762712299823761
0.033214709371293,0.15230635335073978,0.7623493671417236
0.033610122578094107,0.15230635335073978,0.7620396018028259
0.033610122578094107,0.1566579634464752,0.7607455849647522
0.034005535784895215,0.1566579634464752,0.7606709599494934
0.034005535784895215,0.15926892950391644,0.7605404257774353
0.03440094899169632,0.15926892950391644,0.7603898644447327
0.03440094899169632,0.16013925152306355,0.7603809833526611
0.03519177540529854,0.16013925152306355,0.7598878741264343
0.03519177540529854,0.16275021758050479,0.7594975829124451
0.03598260181890075,0.16275021758050479,0.7594572901725769
0.03598260181890075,0.17232375979112272,0.7578412294387817
0.03637801502570186,0.17232375979112272,0.7577977776527405
0.03637801502570186,0.1731940818102698,0.7576953172683716
0.036773428232502965,0.1731940818102698,0.757623553276062
0.036773428232502965,0.17667536988685814,0.7564827799797058
0.03756425464610518,0.17667536988685814,0.756350576877594
0.03756425464610518,0.18189730200174065,0.7554867267608643
0.03835508105970739,0.18189730200174065,0.7553938031196594
0.03835508105970739,0.18711923411662315,0.7545648217201233
0.039541320680110716,0.18711923411662315,0.7537294626235962
0.039541320680110716,0.18973020017406442,0.7536113858222961
0.039936733886911824,0.18973020017406442,0.7535971403121948
0.039936733886911824,0.19495213228894692,0.7529372572898865
0.04033214709371293,0.19495213228894692,0.7528076171875
0.04033214709371293,0.19930374238468232,0.7523491978645325
0.04072756030051404,0.19930374238468232,0.7523199319839478
0.04072756030051404,0.20278503046127067,0.7520710229873657
0.04112297350731514,0.20278503046127067,0.7520379424095154
0.04112297350731514,0.20452567449956485,0.7518951892852783
0.042309213127718466,0.20452567449956485,0.7512719631195068
0.042309213127718466,0.20539599651871193,0.751025915145874
0.042704626334519574,0.20539599651871193,0.7509550452232361
0.042704626334519574,0.206266318537859,0.7497813105583191
0.04310003954132068,0.206266318537859,0.7496991753578186
0.04310003954132068,0.20800696257615317,0.7496216893196106
0.044286279161724,0.20800696257615317,0.7494962811470032
0.044286279161724,0.20974760661444736,0.7494063973426819
0.04468169236852511,0.20974760661444736,0.7492824196815491
0.04468169236852511,0.21148825065274152,0.7491635084152222
0.045077105575326216,0.21148825065274152,0.7489044070243835
0.045077105575326216,0.2123585726718886,0.7488207817077637
0.04586793198892843,0.2123585726718886,0.7483041286468506
0.04586793198892843,0.21409921671018275,0.74788498878479
0.04665875840253064,0.21409921671018275,0.747743546962738
0.04665875840253064,0.2175805047867711,0.7471886873245239
0.04744958481613286,0.2175805047867711,0.7469354271888733
0.04744958481613286,0.22019147084421237,0.7465236186981201
0.04784499802293397,0.22019147084421237,0.7463635206222534
0.04784499802293397,0.2228024369016536,0.7462456226348877
0.048240411229735075,0.2228024369016536,0.7461342215538025
0.048240411229735075,0.22367275892080069,0.7461305856704712
0.04863582443653618,0.22367275892080069,0.7456695437431335
0.04863582443653618,0.22541340295909487,0.745131254196167
0.05061289047054172,0.22541340295909487,0.7440534830093384
0.05061289047054172,0.22628372497824195,0.7440088391304016
0.051008303677342826,0.22628372497824195,0.7439795136451721
0.051008303677342826,0.22715404699738903,0.7439356446266174
0.051403716884143934,0.22715404699738903,0.7439249753952026
0.051403716884143934,0.2280243690165361,0.7436453700065613
0.051799130090945035,0.2280243690165361,0.7436271905899048
0.051799130090945035,0.2297650130548303,0.7436015605926514
0.05258995650454725,0.2297650130548303,0.7433501482009888
0.05258995650454725,0.23150565709312446,0.7430905103683472
0.05298536971134836,0.23150565709312446,0.7428473830223083
0.05298536971134836,0.23585726718885988,0.7421813011169434
0.053776196124950576,0.23585726718885988,0.7420095205307007
0.053776196124950576,0.2410791993037424,0.7413777709007263
0.054567022538552785,0.2410791993037424,0.7404908537864685
0.054567022538552785,0.2454308093994778,0.739827036857605
0.054962435745353894,0.2454308093994778,0.739813506603241
0.054962435745353894,0.2463011314186249,0.7396867275238037
0.05575326215895611,0.2463011314186249,0.7395467162132263
0.05575326215895611,0.2506527415143603,0.739217221736908
0.057334914986160536,0.2506527415143603,0.7390876412391663
0.057334914986160536,0.2515230635335074,0.7389622926712036
0.0608936338473705,0.2515230635335074,0.7372403144836426
0.0608936338473705,0.25413402959094866,0.7369239330291748
0.06168446026097272,0.25413402959094866,0.7368426322937012
0.06168446026097272,0.2550043516100957,0.7366738319396973
0.06247528667457493,0.2550043516100957,0.7365275025367737
0.06247528667457493,0.2558746736292428,0.7364464998245239
0.06287069988137604,0.2558746736292428,0.7362687587738037
0.06287069988137604,0.2584856396866841,0.7354457378387451
0.06405693950177936,0.2584856396866841,0.7351207137107849
0.06405693950177936,0.25935596170583114,0.7350825071334839
0.06445235270858046,0.25935596170583114,0.7347679734230042
0.06445235270858046,0.26109660574412535,0.734508216381073
0.06524317912218268,0.26109660574412535,0.734276294708252
0.06524317912218268,0.2619669277632724,0.7339701056480408
0.0660340055357849,0.2619669277632724,0.7338451743125916
0.0660340055357849,0.26718885987815494,0.7332139611244202
0.066429418742586,0.26718885987815494,0.7331605553627014
0.066429418742586,0.268059181897302,0.7331034541130066
0.06682483194938711,0.268059181897302,0.7329089045524597
0.06682483194938711,0.26979982593559615,0.7328145503997803
0.06722024515618821,0.26979982593559615,0.7328081727027893
0.06722024515618821,0.2724107919930374,0.7326076030731201
0.06801107156979043,0.2724107919930374,0.7325047850608826
0.06801107156979043,0.2750217580504787,0.7323564291000366
0.06880189798339265,0.2750217580504787,0.7323178052902222
0.06880189798339265,0.2758920800696258,0.7322067618370056
0.06959272439699486,0.2758920800696258,0.7320373058319092
0.06959272439699486,0.27763272410791995,0.7315102815628052
0.06998813760379596,0.27763272410791995,0.7313292026519775
0.06998813760379596,0.2793733681462141,0.7311843633651733
0.07038355081059708,0.2793733681462141,0.731054425239563
0.07038355081059708,0.28111401218450827,0.7306791543960571
0.07077896401739818,0.28111401218450827,0.7306747436523438
0.07077896401739818,0.2863359442993908,0.7299137115478516
0.0711743772241993,0.2863359442993908,0.7298582196235657
0.0711743772241993,0.28807658833768496,0.7297475934028625
0.0715697904310004,0.28807658833768496,0.729636013507843
0.0715697904310004,0.288946910356832,0.7296085953712463
0.07236061684460261,0.288946910356832,0.7291865944862366
0.07236061684460261,0.29329852045256743,0.7287338972091675
0.07315144325820483,0.29329852045256743,0.7284826040267944
0.07315144325820483,0.2967798085291558,0.7278186082839966
0.07354685646500593,0.2967798085291558,0.7278109192848206
0.07354685646500593,0.299390774586597,0.7273076176643372
0.07394226967180703,0.299390774586597,0.7271952629089355
0.07394226967180703,0.3002610966057441,0.7271339893341064
0.07433768287860815,0.3002610966057441,0.7267545461654663
0.07433768287860815,0.30113141862489123,0.7265737056732178
0.07473309608540925,0.30113141862489123,0.7263466715812683
0.07473309608540925,0.3020017406440383,0.7261723279953003
0.07789640173981811,0.3020017406440383,0.7253844141960144
0.07789640173981811,0.3028720626631854,0.7252163290977478
0.07829181494661921,0.3028720626631854,0.7251647114753723
0.07829181494661921,0.30809399477806787,0.7242173552513123
0.08066429418742586,0.30809399477806787,0.7237743139266968
0.08066429418742586,0.3124456048738033,0.7231521606445312
0.08105970739422697,0.3124456048738033,0.7229876518249512
0.08105970739422697,0.31418624891209745,0.7227427363395691
0.08185053380782918,0.31418624891209745,0.722474217414856
0.08185053380782918,0.31505657093124456,0.7224379181861877
0.0826413602214314,0.31505657093124456,0.7220869064331055
0.0826413602214314,0.31766753698868583,0.7220228314399719
0.0830367734282325,0.31766753698868583,0.7218855023384094
0.0830367734282325,0.3185378590078329,0.7218498587608337
0.08382759984183472,0.3185378590078329,0.7217476963996887
0.08382759984183472,0.31940818102698,0.7216939330101013
0.08422301304863583,0.31940818102698,0.7215808033943176
0.08422301304863583,0.32201914708442125,0.7211147546768188
0.08461842625543693,0.32201914708442125,0.7209848165512085
0.08461842625543693,0.3228894691035683,0.7208736538887024
0.08501383946223803,0.3228894691035683,0.720654308795929
0.08501383946223803,0.32463011314186246,0.7205989360809326
0.08540925266903915,0.32463011314186246,0.7205289006233215
0.08540925266903915,0.32550043516100957,0.720339834690094
0.08659549228944247,0.32550043516100957,0.7201907634735107
0.08659549228944247,0.3307223672758921,0.7198507189750671
0.08699090549624358,0.3307223672758921,0.7198294401168823
0.08699090549624358,0.3333333333333333,0.7196840643882751
0.08778173190984578,0.3333333333333333,0.7193464040756226
0.08778173190984578,0.3359442993907746,0.7188889384269714
0.0881771451166469,0.3359442993907746,0.7188768982887268
0.0881771451166469,0.33768494342906874,0.7184867858886719
0.088572558323448,0.33768494342906874,0.7182698845863342
0.088572558323448,0.33855526544821585,0.718077540397644
0.08896797153024912,0.33855526544821585,0.7180307507514954
0.08896797153024912,0.34203655352480417,0.7178453803062439
0.08936338473705022,0.34203655352480417,0.7177978754043579
0.08936338473705022,0.3429068755439513,0.7177281379699707
0.08975879794385132,0.3429068755439513,0.7176457047462463
0.08975879794385132,0.3437771975630983,0.7176087498664856
0.09015421115065243,0.3437771975630983,0.7174407243728638
0.09015421115065243,0.34551784160139254,0.7170699238777161
0.09054962435745353,0.34551784160139254,0.7165519595146179
0.09054962435745353,0.3472584856396867,0.7163456678390503
0.09094503756425465,0.3472584856396867,0.7162604928016663
0.09094503756425465,0.3524804177545692,0.7149991989135742
0.0937129300118624,0.3524804177545692,0.7143388390541077
0.0937129300118624,0.3568320278503046,0.7132032513618469
0.0941083432186635,0.3568320278503046,0.7129585146903992
0.0941083432186635,0.35944299390774587,0.7124454379081726
0.09489916963226572,0.35944299390774587,0.7123058438301086
0.09489916963226572,0.360313315926893,0.7121321558952332
0.09529458283906682,0.360313315926893,0.7119557857513428
0.09529458283906682,0.36205395996518713,0.7113609910011292
0.09568999604586793,0.36205395996518713,0.7113198637962341
0.09568999604586793,0.3698868581375109,0.7100650668144226
0.09648082245947015,0.3698868581375109,0.7099118232727051
0.09648082245947015,0.370757180156658,0.7099009156227112
0.09687623566627125,0.370757180156658,0.7097606658935547
0.09687623566627125,0.37162750217580504,0.7095803022384644
0.09727164887307237,0.37162750217580504,0.7095528244972229
0.09727164887307237,0.37249782419495214,0.7095199823379517
0.09766706207987347,0.37249782419495214,0.7095039486885071
0.09766706207987347,0.3742384682332463,0.7093340754508972
0.09806247528667457,0.3742384682332463,0.7093331217765808
0.09806247528667457,0.37684943429068757,0.7090854644775391
0.09885330170027679,0.37684943429068757,0.7090113759040833
0.09885330170027679,0.3777197563098346,0.7089084982872009
0.0992487149070779,0.3777197563098346,0.7088479995727539
0.0992487149070779,0.3785900783289817,0.7087973356246948
0.099644128113879,0.3785900783289817,0.708737850189209
0.099644128113879,0.3838120104438642,0.7082727551460266
0.10003954132068012,0.3838120104438642,0.7081902027130127
0.10003954132068012,0.3846823324630113,0.7080864310264587
0.10083036773428232,0.3846823324630113,0.707648754119873
0.10083036773428232,0.38990426457789384,0.70708167552948
0.10122578094108343,0.38990426457789384,0.7070547342300415
0.10122578094108343,0.39338555265448216,0.7067261934280396
0.10162119414788454,0.39338555265448216,0.7066138386726379
0.10162119414788454,0.3951261966927763,0.7064849138259888
0.10241202056148675,0.3951261966927763,0.705794632434845
0.10241202056148675,0.39860748476936464,0.7056903839111328
0.10280743376828787,0.39860748476936464,0.7056412100791931
0.10280743376828787,0.39947780678851175,0.7054887413978577
0.10399367338869119,0.39947780678851175,0.7050115466117859
0.10399367338869119,0.40034812880765885,0.70475834608078
0.1047844998022934,0.40034812880765885,0.7042579054832458
0.1047844998022934,0.402088772845953,0.7039982080459595
0.1051799130090945,0.402088772845953,0.7039927244186401
0.1051799130090945,0.40557006092254133,0.7032375335693359
0.1055753262158956,0.40557006092254133,0.7030266523361206
0.1055753262158956,0.41079199303742386,0.7023005485534668
0.10597073942269672,0.41079199303742386,0.7022996544837952
0.10597073942269672,0.4116623150565709,0.7021941542625427
0.10636615262949782,0.4116623150565709,0.7021541595458984
0.10636615262949782,0.412532637075718,0.7020727396011353
0.10676156583629894,0.412532637075718,0.7018718123435974
0.10676156583629894,0.4134029590948651,0.7016813158988953
0.10715697904310004,0.4134029590948651,0.7015128135681152
0.10715697904310004,0.4142732811140122,0.7014341354370117
0.10794780545670225,0.4142732811140122,0.7013645768165588
0.10794780545670225,0.4151436031331593,0.7011511921882629
0.10834321866350335,0.4151436031331593,0.7009423971176147
0.10834321866350335,0.41601392515230634,0.7008320689201355
0.10913404507710557,0.41601392515230634,0.7003698348999023
0.10913404507710557,0.41688424717145345,0.7003677487373352
0.10952945828390669,0.41688424717145345,0.700237512588501
0.10952945828390669,0.4177545691906005,0.7002360820770264
0.1103202846975089,0.4177545691906005,0.6999824643135071
0.1103202846975089,0.4212358572671889,0.698763906955719
0.11071569790431,0.4212358572671889,0.6984539031982422
0.11071569790431,0.4221061792863359,0.6983176469802856
0.1111111111111111,0.4221061792863359,0.6981862187385559
0.1111111111111111,0.42297650130548303,0.6979551315307617
0.11150652431791222,0.42297650130548303,0.6978476643562317
0.11150652431791222,0.42384682332463014,0.6977959275245667
0.11308817714511665,0.42384682332463014,0.6967186331748962
0.11308817714511665,0.42645778938207135,0.6966300010681152
0.11427441676551997,0.42645778938207135,0.6958470344543457
0.11427441676551997,0.4299390774586597,0.6950963735580444
0.11506524317912219,0.4299390774586597,0.6949012875556946
0.11506524317912219,0.43255004351610093,0.694514811038971
0.11546065638592329,0.43255004351610093,0.6943985819816589
0.11546065638592329,0.43342036553524804,0.694095253944397
0.1162514827995255,0.43342036553524804,0.6938285827636719
0.1162514827995255,0.43429068755439515,0.6937039494514465
0.11743772241992882,0.43429068755439515,0.6935084462165833
0.11743772241992882,0.4351610095735422,0.6934800148010254
0.11783313562672994,0.4351610095735422,0.6931734681129456
0.11783313562672994,0.4360313315926893,0.6927937865257263
0.11822854883353104,0.4360313315926893,0.6926950216293335
0.11822854883353104,0.43690165361183636,0.6926526427268982
0.11901937524713326,0.43690165361183636,0.6923578977584839
0.11901937524713326,0.43777197563098347,0.6922742128372192
0.11981020166073547,0.43777197563098347,0.692163348197937
0.11981020166073547,0.44038294168842473,0.6917297840118408
0.12020561486753657,0.44038294168842473,0.6916874647140503
0.12020561486753657,0.44386422976501305,0.6911062002182007
0.12060102807433769,0.44386422976501305,0.6909998655319214
0.12060102807433769,0.4490861618798956,0.6891608834266663
0.12099644128113879,0.4490861618798956,0.68915194272995
0.12099644128113879,0.4516971279373368,0.6884288787841797
0.12139185448793989,0.4516971279373368,0.6884002089500427
0.12139185448793989,0.4525674499564839,0.6883746385574341
0.121787267694741,0.4525674499564839,0.688361406326294
0.121787267694741,0.453437771975631,0.6881647706031799
0.12297350731514432,0.453437771975631,0.6878862977027893
0.12297350731514432,0.45430809399477806,0.6875777840614319
0.12336892052194544,0.45430809399477806,0.6875314116477966
0.12336892052194544,0.4577893820713664,0.6861479878425598
0.12415974693554764,0.4577893820713664,0.6857853531837463
0.12415974693554764,0.46127067014795475,0.6852138042449951
0.12455516014234876,0.46127067014795475,0.6851776242256165
0.12455516014234876,0.4630113141862489,0.6845636367797852
0.12534598655595097,0.4630113141862489,0.6843428015708923
0.12534598655595097,0.46649260226283723,0.6839503049850464
0.12613681296955317,0.46649260226283723,0.6834433078765869
0.12613681296955317,0.4691035683202785,0.682544469833374
0.1265322261763543,0.4691035683202785,0.6822211742401123
0.1265322261763543,0.4699738903394256,0.6821933388710022
0.1269276393831554,0.4699738903394256,0.6820686459541321
0.1269276393831554,0.47171453437771976,0.681359589099884
0.1273230525899565,0.47171453437771976,0.6813133358955383
0.1273230525899565,0.4734551784160139,0.6807186603546143
0.1277184657967576,0.4734551784160139,0.6806491017341614
0.1277184657967576,0.4751958224543081,0.6803380846977234
0.12850929221035984,0.4751958224543081,0.6795989871025085
0.12850929221035984,0.47780678851174935,0.6786996126174927
0.12890470541716093,0.47780678851174935,0.6786013245582581
0.12890470541716093,0.4821583986074848,0.6779829263687134
0.12930011862396204,0.4821583986074848,0.6778138279914856
0.12930011862396204,0.4830287206266319,0.6777037978172302
0.13009094503756424,0.4830287206266319,0.6770481467247009
0.13009094503756424,0.48476936466492604,0.6768847107887268
0.13048635824436536,0.48476936466492604,0.6768466830253601
0.13048635824436536,0.48912097476066146,0.6763361692428589
0.1312771846579676,0.48912097476066146,0.675504207611084
0.1312771846579676,0.4899912967798085,0.6754471063613892
0.1320680110715698,0.4899912967798085,0.6754025816917419
0.1320680110715698,0.4917319408181027,0.6752049326896667
0.132858837485172,0.4917319408181027,0.6749451756477356
0.132858837485172,0.4934725848563969,0.6746380925178528
0.13364966389877422,0.4934725848563969,0.6745045185089111
0.13364966389877422,0.4960835509138381,0.6742672324180603
0.13444049031237643,0.4960835509138381,0.6740152835845947
0.13444049031237643,0.4995648389904265,0.6734977960586548
0.13523131672597866,0.4995648389904265,0.6734444499015808
0.13523131672597866,0.5004351610095735,0.6731760501861572
0.13602214313958086,0.5004351610095735,0.6728479862213135
0.13602214313958086,0.5021758050478677,0.6724624037742615
0.1376037959667853,0.5021758050478677,0.6714869141578674
0.1376037959667853,0.504786771105309,0.67120760679245
0.1379992091735864,0.504786771105309,0.6707785129547119
0.1379992091735864,0.5056570931244561,0.6704427003860474
0.1387900355871886,0.5056570931244561,0.670393168926239
0.1387900355871886,0.5073977371627503,0.6699868440628052
0.13958086200079084,0.5073977371627503,0.6695332527160645
0.13958086200079084,0.5108790252393386,0.6690973043441772
0.13997627520759193,0.5108790252393386,0.6689936518669128
0.13997627520759193,0.5117493472584856,0.6689107418060303
0.14076710162119416,0.5117493472584856,0.6688092947006226
0.14076710162119416,0.5126196692776327,0.6683894395828247
0.14116251482799524,0.5126196692776327,0.6679893732070923
0.14116251482799524,0.5134899912967799,0.6678628325462341
0.14155792803479636,0.5134899912967799,0.6677801609039307
0.14155792803479636,0.515230635335074,0.6673497557640076
0.14195334124159747,0.515230635335074,0.6670166254043579
0.14195334124159747,0.5169712793733682,0.6667048335075378
0.1423487544483986,0.5169712793733682,0.666588306427002
0.1423487544483986,0.5178416013925152,0.6665828824043274
0.1431395808620008,0.5178416013925152,0.6663401126861572
0.1431395808620008,0.5204525674499565,0.6660818457603455
0.143930407275603,0.5204525674499565,0.6658765077590942
0.143930407275603,0.5213228894691035,0.6658642292022705
0.14472123368920523,0.5213228894691035,0.6652445197105408
0.14472123368920523,0.525674499564839,0.6645814180374146
0.14511664689600634,0.525674499564839,0.6640386581420898
0.14511664689600634,0.5274151436031331,0.6638198494911194
0.14551206010280743,0.5274151436031331,0.6636787056922913
0.14551206010280743,0.5291557876414273,0.6627228260040283
0.14590747330960854,0.5291557876414273,0.6626949310302734
0.14590747330960854,0.5308964316797214,0.6622792482376099
0.14669829972321075,0.5308964316797214,0.6615711450576782
0.14669829972321075,0.5343777197563099,0.6611137390136719
0.14709371293001186,0.5343777197563099,0.660987377166748
0.14709371293001186,0.536118363794604,0.6607838869094849
0.14788453934361406,0.536118363794604,0.6604704856872559
0.14788453934361406,0.5387293298520452,0.6598648428916931
0.14827995255041518,0.5387293298520452,0.6597791910171509
0.14827995255041518,0.5395996518711923,0.659748911857605
0.1486753657572163,0.5395996518711923,0.6596523523330688
0.1486753657572163,0.5413402959094865,0.6590385437011719
0.1490707789640174,0.5413402959094865,0.6590062975883484
0.1490707789640174,0.5439512619669278,0.6583545207977295
0.1494661921708185,0.5439512619669278,0.6580873131752014
0.1494661921708185,0.5483028720626631,0.6570939421653748
0.1498616053776196,0.5483028720626631,0.6569762229919434
0.1498616053776196,0.5509138381201044,0.6567674279212952
0.15104784499802293,0.5509138381201044,0.6558527946472168
0.15104784499802293,0.5535248041775457,0.6557334065437317
0.15144325820482404,0.5535248041775457,0.6549767255783081
0.15144325820482404,0.5552654482158399,0.6541537046432495
0.15183867141162516,0.5552654482158399,0.6537258625030518
0.15183867141162516,0.557006092254134,0.6526223421096802
0.15223408461842625,0.557006092254134,0.6525957584381104
0.15223408461842625,0.5578764142732812,0.652540385723114
0.15302491103202848,0.5578764142732812,0.6522282958030701
0.15302491103202848,0.5604873803307223,0.6519591808319092
0.15342032423882956,0.5604873803307223,0.6515454053878784
0.15342032423882956,0.5630983463881636,0.6513522267341614
0.1546065638592329,0.5630983463881636,0.6508811712265015
0.1546065638592329,0.5648389904264578,0.6501234769821167
0.15579280347963623,0.5648389904264578,0.6495377421379089
0.15579280347963623,0.566579634464752,0.6494913101196289
0.15658362989323843,0.566579634464752,0.6490955948829651
0.15658362989323843,0.5674499564838991,0.6490837931632996
0.15737445630684066,0.5674499564838991,0.648927628993988
0.15737445630684066,0.5691906005221932,0.6488247513771057
0.15816528272044286,0.5691906005221932,0.6486940383911133
0.15816528272044286,0.5709312445604874,0.6480463147163391
0.15856069592724398,0.5709312445604874,0.647892415523529
0.15856069592724398,0.5718015665796344,0.6476433277130127
0.15935152234084618,0.5718015665796344,0.6469327211380005
0.15935152234084618,0.577023498694517,0.645543098449707
0.1597469355476473,0.577023498694517,0.6451806426048279
0.1597469355476473,0.577893820713664,0.6451166272163391
0.1601423487544484,0.577893820713664,0.6448222994804382
0.1601423487544484,0.5787641427328112,0.6445028185844421
0.16172400158165282,0.5787641427328112,0.6438071727752686
0.16172400158165282,0.5796344647519582,0.64321368932724
0.16211941478845393,0.5796344647519582,0.6428078413009644
0.16211941478845393,0.5831157528285466,0.6420075297355652
0.16251482799525505,0.5831157528285466,0.6416787505149841
0.16251482799525505,0.5848563968668408,0.6413550972938538
0.16291024120205616,0.5848563968668408,0.6408262252807617
0.16291024120205616,0.5865970409051349,0.6402484774589539
0.16330565440885725,0.5865970409051349,0.6399707198143005
0.16330565440885725,0.5883376849434291,0.6393324136734009
0.16370106761565836,0.5883376849434291,0.6390897035598755
0.16370106761565836,0.5892080069625761,0.6388405561447144
0.16409648082245948,0.5892080069625761,0.6385303735733032
0.16409648082245948,0.5900783289817232,0.638373851776123
0.16449189402926057,0.5900783289817232,0.6377727389335632
0.16449189402926057,0.5909486510008704,0.6373257637023926
0.1652827204428628,0.5909486510008704,0.6362713575363159
0.1652827204428628,0.5918189730200174,0.6361989974975586
0.166073546856465,0.5918189730200174,0.6358376741409302
0.166073546856465,0.5926892950391645,0.6358194947242737
0.1664689600632661,0.5926892950391645,0.635146975517273
0.1664689600632661,0.5953002610966057,0.6346693634986877
0.16805061289047055,0.5953002610966057,0.6340078115463257
0.16805061289047055,0.5961705831157529,0.6338506937026978
0.16844602609727166,0.5961705831157529,0.6336002349853516
0.16844602609727166,0.5970409051348999,0.633399248123169
0.16923685251087386,0.5970409051348999,0.6332048177719116
0.16923685251087386,0.5996518711923412,0.6320443749427795
0.16963226571767498,0.5996518711923412,0.631619393825531
0.16963226571767498,0.6040034812880766,0.6296716332435608
0.17002767892447607,0.6040034812880766,0.6290746331214905
0.17002767892447607,0.6048738033072236,0.6290181875228882
0.1716093317516805,0.6048738033072236,0.628278911113739
0.1716093317516805,0.6057441253263708,0.6282320618629456
0.17200474495848161,0.6057441253263708,0.627975344657898
0.17200474495848161,0.6074847693646649,0.6268572807312012
0.17240015816528273,0.6074847693646649,0.6267712712287903
0.17240015816528273,0.6161879895561357,0.623130202293396
0.17358639778568605,0.6161879895561357,0.6219921708106995
0.17358639778568605,0.6170583115752829,0.6217267513275146
0.17437722419928825,0.6170583115752829,0.6215350031852722
0.17437722419928825,0.618798955613577,0.6208028197288513
0.17595887702649268,0.618798955613577,0.620000422000885
0.17595887702649268,0.6196692776327241,0.6179423332214355
0.1763542902332938,0.6196692776327241,0.6176091432571411
0.1763542902332938,0.6222802436901653,0.6173198819160461
0.17754052985369712,0.6222802436901653,0.6164596676826477
0.17754052985369712,0.6240208877284595,0.6156935095787048
0.17833135626729932,0.6240208877284595,0.6150882244110107
0.17833135626729932,0.6266318537859008,0.6142964959144592
0.17872676947410043,0.6266318537859008,0.613917350769043
0.17872676947410043,0.6283724978241949,0.6133183836936951
0.17912218268090155,0.6283724978241949,0.6123058795928955
0.17912218268090155,0.6292428198433421,0.6122766137123108
0.17951759588770264,0.6292428198433421,0.6118773818016052
0.17951759588770264,0.6301131418624891,0.6115614175796509
0.18030842230130487,0.6301131418624891,0.6105019450187683
0.18030842230130487,0.6370757180156658,0.6088389754295349
0.18070383550810598,0.6370757180156658,0.6076864004135132
0.18070383550810598,0.639686684073107,0.6059954166412354
0.18109924871490707,0.639686684073107,0.6056810021400452
0.18109924871490707,0.6414273281114012,0.6052069067955017
0.18228548833531039,0.6414273281114012,0.604525625705719
0.18228548833531039,0.6440382941688425,0.6033930778503418
0.18426255436931593,0.6440382941688425,0.6020035743713379
0.18426255436931593,0.6457789382071366,0.6008807420730591
0.18505338078291814,0.6457789382071366,0.6005113124847412
0.18505338078291814,0.6483899042645779,0.5996137857437134
0.18544879398971925,0.6483899042645779,0.5995926856994629
0.18544879398971925,0.6501305483028721,0.599126935005188
0.18623962040332148,0.6501305483028721,0.59881991147995
0.18623962040332148,0.6510008703220191,0.5987295508384705
0.18663503361012257,0.6510008703220191,0.5976541042327881
0.18663503361012257,0.6536118363794604,0.5967217087745667
0.19137999209173587,0.6536118363794604,0.5928890705108643
0.19137999209173587,0.6544821583986075,0.5925625562667847
0.19177540529853698,0.6544821583986075,0.5920363664627075
0.19177540529853698,0.6553524804177546,0.5920035243034363
0.19454329774614473,0.6553524804177546,0.589394748210907
0.19454329774614473,0.6562228024369017,0.5884969234466553
0.19533412415974694,0.6562228024369017,0.5879668593406677
0.19533412415974694,0.6579634464751958,0.5875423550605774
0.19612495057334914,0.6579634464751958,0.5866003632545471
0.19612495057334914,0.6588337684943429,0.5865587592124939
0.19652036378015025,0.6588337684943429,0.5864666700363159
0.19652036378015025,0.65970409051349,0.5862197875976562
0.19691577698695137,0.65970409051349,0.5860333442687988
0.19691577698695137,0.6614447345517842,0.5856959223747253
0.19770660340055357,0.6614447345517842,0.5843585133552551
0.19770660340055357,0.6623150565709313,0.5842539072036743
0.1984974298141558,0.6623150565709313,0.5837998986244202
0.1984974298141558,0.6631853785900783,0.5827993750572205
0.1988928430209569,0.6631853785900783,0.5825852155685425
0.1988928430209569,0.6657963446475196,0.5806365013122559
0.19968366943455912,0.6657963446475196,0.5797224044799805
0.19968366943455912,0.6666666666666666,0.579639732837677
0.20007908264136023,0.6666666666666666,0.5786324143409729
0.20007908264136023,0.6675369886858138,0.5777357816696167
0.20284697508896798,0.6675369886858138,0.5738428235054016
0.20284697508896798,0.6684073107049608,0.573444128036499
0.2036378015025702,0.6684073107049608,0.5731282234191895
0.2036378015025702,0.6710182767624021,0.5719892382621765
0.2040332147093713,0.6710182767624021,0.571762204170227
0.2040332147093713,0.6718885987815492,0.5715188384056091
0.20521945432977462,0.6718885987815492,0.5708264708518982
0.20521945432977462,0.6727589208006962,0.5704646706581116
0.20640569395017794,0.6727589208006962,0.5693804025650024
0.20640569395017794,0.6736292428198434,0.5688232183456421
0.20680110715697905,0.6736292428198434,0.5680226683616638
0.20680110715697905,0.6753698868581375,0.5676584243774414
0.20719652036378014,0.6753698868581375,0.5676025748252869
0.20719652036378014,0.6762402088772846,0.5673741102218628
0.20759193357058126,0.6762402088772846,0.5673179030418396
0.20759193357058126,0.6771105308964317,0.5671631693840027
0.20798734677738237,0.6771105308964317,0.5666612982749939
0.20798734677738237,0.68059181897302,0.5658994317054749
0.2091735863977857,0.68059181897302,0.564872145652771
0.2091735863977857,0.6832027850304613,0.5633735060691833
0.2111506524317912,0.6832027850304613,0.5607081055641174
0.2111506524317912,0.6875543951261966,0.5564062595367432
0.21194147884539344,0.6875543951261966,0.5556350350379944
0.21194147884539344,0.6892950391644909,0.5551913976669312
0.21273230525899564,0.6892950391644909,0.554880678653717
0.21273230525899564,0.6901653611836379,0.5543287992477417
0.21312771846579676,0.6901653611836379,0.5543003678321838
0.21312771846579676,0.6910356832027851,0.5541823506355286
0.2147093712930012,0.6910356832027851,0.552718460559845
0.2147093712930012,0.6927763272410792,0.5516427755355835
0.2151047844998023,0.6927763272410792,0.550247311592102
0.2151047844998023,0.6962576153176675,0.5496177673339844
0.2158956109134045,0.6962576153176675,0.5489690899848938
0.2158956109134045,0.6971279373368147,0.5487858057022095
0.21629102412020562,0.6971279373368147,0.548369824886322
0.21629102412020562,0.6979982593559617,0.5482274889945984
0.2166864373270067,0.6979982593559617,0.5475292205810547
0.2166864373270067,0.700609225413403,0.5474280714988708
0.21708185053380782,0.700609225413403,0.5468273162841797
0.21708185053380782,0.7049608355091384,0.5450051426887512
0.21747726374060894,0.7049608355091384,0.5447565913200378
0.21747726374060894,0.7067014795474326,0.5433224439620972
0.21787267694741005,0.7067014795474326,0.5432577729225159
0.21787267694741005,0.7075718015665796,0.5431894063949585
0.21866350336101226,0.7075718015665796,0.5406121015548706
0.21866350336101226,0.7084421235857267,0.5375249981880188
0.21984974298141557,0.7084421235857267,0.5364760756492615
0.21984974298141557,0.7093124456048738,0.5349085927009583
0.22182680901542112,0.7093124456048738,0.5327509045600891
0.22182680901542112,0.7154046997389034,0.5277156829833984
0.2222222222222222,0.7154046997389034,0.5262011885643005
0.2222222222222222,0.7162750217580505,0.5259586572647095
0.22538552787663108,0.7162750217580505,0.5235003232955933
0.22538552787663108,0.7171453437771975,0.5234627723693848
0.2257809410834322,0.7171453437771975,0.523420512676239
0.2257809410834322,0.7180156657963447,0.5232906341552734
0.2265717674970344,0.7180156657963447,0.522896945476532
0.2265717674970344,0.720626631853786,0.5224776268005371
0.2269671807038355,0.720626631853786,0.5216715335845947
0.2269671807038355,0.7232375979112271,0.5193706750869751
0.22933965994464214,0.7232375979112271,0.5167389512062073
0.22933965994464214,0.7249782419495213,0.5161282420158386
0.22973507315144326,0.7249782419495213,0.514606773853302
0.22973507315144326,0.7258485639686684,0.5142791867256165
0.23092131277184658,0.7258485639686684,0.5131959915161133
0.23092131277184658,0.7275892080069626,0.5131011009216309
0.23289837880585212,0.7275892080069626,0.5111758708953857
0.23289837880585212,0.7284595300261096,0.5110818147659302
0.2332937920126532,0.7284595300261096,0.5104848742485046
0.2332937920126532,0.7293298520452568,0.5104391574859619
0.23408461842625544,0.7293298520452568,0.5100135207176208
0.23408461842625544,0.7310704960835509,0.5090374946594238
0.23448003163305656,0.7310704960835509,0.508703351020813
0.23448003163305656,0.731940818102698,0.5082442760467529
0.23566627125345987,0.731940818102698,0.5070722103118896
0.23566627125345987,0.7328111401218451,0.5069797039031982
0.23606168446026096,0.7328111401218451,0.5061394572257996
0.23606168446026096,0.7354221061792864,0.5035418272018433
0.2368525108738632,0.7354221061792864,0.5030217170715332
0.2368525108738632,0.7362924281984334,0.5021419525146484
0.2372479240806643,0.7362924281984334,0.5021001100540161
0.2372479240806643,0.7371627502175805,0.5014002919197083
0.23843416370106763,0.7371627502175805,0.5002322793006897
0.23843416370106763,0.7397737162750218,0.49991726875305176
0.23962040332147094,0.7397737162750218,0.4989180266857147
0.23962040332147094,0.7406440382941688,0.4979391098022461
0.24001581652827206,0.7406440382941688,0.497033953666687
0.24001581652827206,0.741514360313316,0.4967842102050781
0.24041122973507315,0.741514360313316,0.4962797164916992
0.24041122973507315,0.742384682332463,0.49615031480789185
0.24080664294187426,0.742384682332463,0.49606382846832275
0.24080664294187426,0.7432550043516101,0.49604541063308716
0.2423882957690787,0.7432550043516101,0.49472853541374207
0.2423882957690787,0.7449956483899043,0.49290013313293457
0.2431791221826809,0.7449956483899043,0.49170780181884766
0.2431791221826809,0.7458659704090513,0.4913025498390198
0.243574535389482,0.7458659704090513,0.49037307500839233
0.243574535389482,0.7467362924281984,0.4903688132762909
0.24555160142348753,0.7467362924281984,0.48869237303733826
0.24555160142348753,0.7476066144473456,0.4870278239250183
0.24634242783708976,0.7476066144473456,0.4863671660423279
0.24634242783708976,0.7484769364664926,0.485655277967453
0.24752866745749308,0.7484769364664926,0.48423972725868225
0.24752866745749308,0.7493472584856397,0.48306703567504883
0.2479240806642942,0.7493472584856397,0.48252448439598083
0.2479240806642942,0.7536988685813751,0.48166167736053467
0.24831949387109528,0.7536988685813751,0.481210857629776
0.24831949387109528,0.7545691906005222,0.48074543476104736
0.2487149070778964,0.7545691906005222,0.4801376760005951
0.2487149070778964,0.7554395126196692,0.4792446494102478
0.24950573349149863,0.7554395126196692,0.47743600606918335
0.24950573349149863,0.7563098346388164,0.4769686460494995
0.25069197311190194,0.7563098346388164,0.4751432240009308
0.25069197311190194,0.7580504786771105,0.4748939275741577
0.25108738631870303,0.7580504786771105,0.4744366705417633
0.25108738631870303,0.7597911227154047,0.4731811285018921
0.2514827995255042,0.7597911227154047,0.47231584787368774
0.2514827995255042,0.762402088772846,0.47127971053123474
0.25187821273230526,0.762402088772846,0.47090524435043335
0.25187821273230526,0.763272410791993,0.47084641456604004
0.25345986555950967,0.763272410791993,0.469438761472702
0.25345986555950967,0.7641427328111401,0.4686073660850525
0.2542506919731119,0.7641427328111401,0.46833691000938416
0.2542506919731119,0.7667536988685814,0.46786436438560486
0.2554369315935152,0.7667536988685814,0.46736380457878113
0.2554369315935152,0.7676240208877284,0.46716004610061646
0.25583234480031636,0.7676240208877284,0.4671424627304077
0.25583234480031636,0.7684943429068756,0.4671320617198944
0.25662317121391853,0.7684943429068756,0.46630704402923584
0.25662317121391853,0.7728459530026109,0.4647461771965027
0.2570185844207197,0.7728459530026109,0.46379831433296204
0.2570185844207197,0.7745865970409052,0.4636271893978119
0.2586002372479241,0.7745865970409052,0.46082642674446106
0.2586002372479241,0.7763272410791993,0.460257351398468
0.2597864768683274,0.7763272410791993,0.45922398567199707
0.2597864768683274,0.7771975630983464,0.45842304825782776
0.2601818900751285,0.7771975630983464,0.4583928883075714
0.2601818900751285,0.7806788511749347,0.4566207826137543
0.2609727164887307,0.7806788511749347,0.45581382513046265
0.2609727164887307,0.7815491731940818,0.4554257094860077
0.2613681296955318,0.7815491731940818,0.45514529943466187
0.2613681296955318,0.7824194952132288,0.45350274443626404
0.2625543693159352,0.7824194952132288,0.45317935943603516
0.2625543693159352,0.783289817232376,0.45261698961257935
0.26334519572953735,0.783289817232376,0.45141586661338806
0.26334519572953735,0.7850304612706701,0.4488658607006073
0.2637406089363385,0.7850304612706701,0.4484451711177826
0.2637406089363385,0.7859007832898173,0.44764941930770874
0.2641360221431396,0.7859007832898173,0.4474400579929352
0.2641360221431396,0.7885117493472585,0.44560933113098145
0.265717674970344,0.7885117493472585,0.44109347462654114
0.265717674970344,0.7928633594429939,0.4390067160129547
0.26769474100434953,0.7928633594429939,0.4372384250164032
0.26769474100434953,0.7946040034812881,0.4355529248714447
0.2680901542111507,0.7946040034812881,0.4355422258377075
0.2680901542111507,0.7954743255004352,0.43482276797294617
0.2696718070383551,0.7954743255004352,0.43205705285072327
0.2696718070383551,0.7972149695387293,0.4312111735343933
0.2704626334519573,0.7972149695387293,0.4295080304145813
0.2704626334519573,0.7989556135770235,0.42888349294662476
0.2712534598655595,0.7989556135770235,0.42784857749938965
0.2712534598655595,0.8006962576153177,0.426514208316803
0.27164887307236063,0.8006962576153177,0.42590147256851196
0.27164887307236063,0.8024369016536118,0.42540305852890015
0.2720442862791617,0.8024369016536118,0.4252185523509979
0.2720442862791617,0.803307223672759,0.42500588297843933
0.27283511269276395,0.803307223672759,0.42494142055511475
0.27283511269276395,0.804177545691906,0.4240914583206177
0.27560300514037167,0.804177545691906,0.4198424816131592
0.27560300514037167,0.8050478677110531,0.419045627117157
0.2779754843811783,0.8050478677110531,0.41654500365257263
0.2779754843811783,0.8059181897302001,0.4156101942062378
0.2791617240015817,0.8059181897302001,0.41413190960884094
0.2791617240015817,0.8067885117493473,0.41263869404792786
0.27955713720838277,0.8067885117493473,0.4118262827396393
0.27955713720838277,0.8076588337684943,0.41173672676086426
0.27995255041518385,0.8076588337684943,0.411730021238327
0.27995255041518385,0.8085291557876414,0.4117244780063629
0.28113879003558717,0.8085291557876414,0.40680110454559326
0.28113879003558717,0.8093994778067886,0.4062557816505432
0.2819296164491894,0.8093994778067886,0.4047091007232666
0.2819296164491894,0.8102697998259356,0.4045617878437042
0.2823250296559905,0.8102697998259356,0.4044549763202667
0.2823250296559905,0.8120104438642297,0.40405333042144775
0.2835112692763938,0.8120104438642297,0.4014831483364105
0.2835112692763938,0.8128807658833769,0.400469571352005
0.28390668248319495,0.8128807658833769,0.3999882638454437
0.28390668248319495,0.8137510879025239,0.39996078610420227
0.28430209568999604,0.8137510879025239,0.3992616832256317
0.28430209568999604,0.814621409921671,0.3990214765071869
0.28548833531039935,0.814621409921671,0.39788633584976196
0.28548833531039935,0.8154917319408181,0.39781928062438965
0.2858837485172005,0.8154917319408181,0.3977973759174347
0.2858837485172005,0.8163620539599652,0.39720460772514343
0.2862791617240016,0.8163620539599652,0.3967377245426178
0.2862791617240016,0.8172323759791122,0.396447092294693
0.2866745749308027,0.8172323759791122,0.396422803401947
0.2866745749308027,0.8181026979982594,0.3964134156703949
0.2870699881376038,0.8181026979982594,0.3960910439491272
0.2870699881376038,0.8224543080939948,0.3955201506614685
0.2874654013444049,0.8224543080939948,0.39491719007492065
0.2874654013444049,0.8233246301131418,0.3947407603263855
0.2886516409648082,0.8233246301131418,0.3938519358634949
0.2886516409648082,0.8259355961705831,0.39128822088241577
0.28944246737841045,0.8259355961705831,0.39056485891342163
0.28944246737841045,0.8268059181897301,0.3904774785041809
0.29102412020561486,0.8268059181897301,0.389078825712204
0.29102412020561486,0.8276762402088773,0.38785526156425476
0.2918149466192171,0.8276762402088773,0.38685861229896545
0.2918149466192171,0.8285465622280244,0.38608989119529724
0.2945828390668248,0.8285465622280244,0.38447898626327515
0.2945828390668248,0.8294168842471714,0.3844192624092102
0.2957690786872281,0.8294168842471714,0.3831973969936371
0.2957690786872281,0.8302872062663186,0.38168656826019287
0.29655990510083036,0.8302872062663186,0.3805074691772461
0.29655990510083036,0.8328981723237598,0.37943190336227417
0.2973507315144326,0.8328981723237598,0.37822961807250977
0.2973507315144326,0.8337684943429069,0.37807634472846985
0.298932384341637,0.8337684943429069,0.37659552693367004
0.298932384341637,0.834638816362054,0.37576451897621155
0.29932779754843813,0.834638816362054,0.3745467960834503
0.29932779754843813,0.8372497824194952,0.37280064821243286
0.3001186239620403,0.8372497824194952,0.37156200408935547
0.3001186239620403,0.8398607484769365,0.37093672156333923
0.3013048635824436,0.8398607484769365,0.36739084124565125
0.3013048635824436,0.8416013925152306,0.3668211102485657
0.3032819296164492,0.8416013925152306,0.3649084270000458
0.3032819296164492,0.8424717145343777,0.36489832401275635
0.3052589956504547,0.8424717145343777,0.36193645000457764
0.3052589956504547,0.8433420365535248,0.36092764139175415
0.30604982206405695,0.8433420365535248,0.36018699407577515
0.30604982206405695,0.8442123585726719,0.35994192957878113
0.30763147489126136,0.8442123585726719,0.3586862087249756
0.30763147489126136,0.8459530026109661,0.3580232858657837
0.3084223013048636,0.8459530026109661,0.35792744159698486
0.3084223013048636,0.8468233246301131,0.3575056195259094
0.3092131277184658,0.8468233246301131,0.3562646508216858
0.3092131277184658,0.8476936466492603,0.355862557888031
0.31039936733886914,0.8476936466492603,0.3556811809539795
0.31039936733886914,0.8511749347258486,0.35451075434684753
0.31158560695927245,0.8511749347258486,0.35342732071876526
0.31158560695927245,0.8529155787641427,0.3507721424102783
0.3147489126136813,0.8529155787641427,0.34748488664627075
0.3147489126136813,0.8537859007832899,0.347319632768631
0.31593515223408464,0.8537859007832899,0.3465117812156677
0.31593515223408464,0.8546562228024369,0.345681369304657
0.3163305654408857,0.8546562228024369,0.3456014394760132
0.3163305654408857,0.855526544821584,0.3455900549888611
0.31751680506128904,0.855526544821584,0.34445542097091675
0.31751680506128904,0.856396866840731,0.3428484797477722
0.3194938710952946,0.856396866840731,0.3414490818977356
0.3194938710952946,0.8572671888598782,0.34135544300079346
0.3202846975088968,0.8572671888598782,0.3409247100353241
0.3202846975088968,0.8590078328981723,0.3401458263397217
0.3206801107156979,0.8590078328981723,0.3398469388484955
0.3206801107156979,0.8598781549173194,0.33885571360588074
0.32265717674970346,0.8598781549173194,0.33732980489730835
0.32265717674970346,0.8607484769364665,0.3371210992336273
0.3238434163701068,0.8607484769364665,0.33349156379699707
0.3238434163701068,0.8633594429939078,0.3329693377017975
0.32423882957690786,0.8633594429939078,0.33213526010513306
0.32423882957690786,0.8651000870322019,0.3298565447330475
0.3258204824041123,0.8651000870322019,0.32942336797714233
0.3258204824041123,0.865970409051349,0.32851800322532654
0.3262158956109134,0.865970409051349,0.3277401924133301
0.3262158956109134,0.8677110530896431,0.32639554142951965
0.32819296164491896,0.8677110530896431,0.3221175968647003
0.32819296164491896,0.8685813751087903,0.3216879963874817
0.32858837485172004,0.8685813751087903,0.32128188014030457
0.32858837485172004,0.8694516971279374,0.32127609848976135
0.32898378805852113,0.8694516971279374,0.3209948241710663
0.32898378805852113,0.8703220191470844,0.3209587037563324
0.3309608540925267,0.8703220191470844,0.3187273144721985
0.3309608540925267,0.8711923411662315,0.31809383630752563
0.33254250691973114,0.8711923411662315,0.3151460886001587
0.33254250691973114,0.8720626631853786,0.31506621837615967
0.3333333333333333,0.8720626631853786,0.3146543800830841
0.3333333333333333,0.8738033072236727,0.31417402625083923
0.33531039936733886,0.8738033072236727,0.31280773878097534
0.33531039936733886,0.8746736292428199,0.3125295639038086
0.33570581257413995,0.8746736292428199,0.3120975196361542
0.33570581257413995,0.8755439512619669,0.3118076026439667
0.33965994464215105,0.8755439512619669,0.30811259150505066
0.33965994464215105,0.8772845953002611,0.3075198829174042
0.3416370106761566,0.8772845953002611,0.3048529624938965
0.3416370106761566,0.8781549173194082,0.3046662509441376
0.3424278370897588,0.8781549173194082,0.3039539158344269
0.3424278370897588,0.8790252393385553,0.3036820590496063
0.3444049031237643,0.8790252393385553,0.3008468747138977
0.3444049031237643,0.8798955613577023,0.2994653880596161
0.34677738236457095,0.8798955613577023,0.29630911350250244
0.34677738236457095,0.8807658833768495,0.29623618721961975
0.3479636219849743,0.8807658833768495,0.29426008462905884
0.3479636219849743,0.8816362053959965,0.2940727770328522
0.34914986160537764,0.8816362053959965,0.2930186688899994
0.34914986160537764,0.8825065274151436,0.29300180077552795
0.35073151443258205,0.8825065274151436,0.2916441261768341
0.35073151443258205,0.8833768494342907,0.2912012040615082
0.35191775405298537,0.8833768494342907,0.290503591299057
0.35191775405298537,0.8851174934725848,0.28932932019233704
0.3531039936733887,0.8851174934725848,0.28778988122940063
0.3531039936733887,0.8859878154917319,0.2870078980922699
0.3538948200869909,0.8859878154917319,0.2863951325416565
0.3538948200869909,0.886858137510879,0.2860051393508911
0.35508105970739423,0.886858137510879,0.28462865948677063
0.35508105970739423,0.8885987815491732,0.283546507358551
0.35784895215500195,0.8885987815491732,0.2803090810775757
0.35784895215500195,0.8903394255874674,0.28016650676727295
0.3582443653618031,0.8903394255874674,0.2800638675689697
0.3582443653618031,0.8912097476066144,0.27903151512145996
0.3586397785686042,0.8912097476066144,0.2776930332183838
0.3586397785686042,0.8938207136640557,0.2770533561706543
0.36061684460260973,0.8938207136640557,0.2741604447364807
0.36061684460260973,0.8946910356832027,0.2738400995731354
0.3610122578094108,0.8946910356832027,0.27332553267478943
0.3610122578094108,0.8955613577023499,0.2728463411331177
0.36219849742981414,0.8955613577023499,0.2720319330692291
0.36219849742981414,0.896431679721497,0.27057427167892456
0.3625939106366153,0.896431679721497,0.2685178518295288
0.3625939106366153,0.897302001740644,0.2682300806045532
0.36298932384341637,0.897302001740644,0.26819804310798645
0.36298932384341637,0.8981723237597912,0.2679942548274994
0.3637801502570186,0.8981723237597912,0.26715466380119324
0.3637801502570186,0.8999129677980853,0.2656039595603943
0.3641755634638197,0.8999129677980853,0.26506009697914124
0.3641755634638197,0.9007832898172323,0.26505836844444275
0.36694345591142746,0.9007832898172323,0.26127490401268005
0.36694345591142746,0.9016536118363795,0.2608565390110016
0.3697113483590352,0.9016536118363795,0.25798070430755615
0.3697113483590352,0.9025239338555265,0.2575562000274658
0.3701067615658363,0.9025239338555265,0.25673916935920715
0.3701067615658363,0.9042645778938208,0.2565297484397888
0.3708975879794385,0.9042645778938208,0.2544504404067993
0.3708975879794385,0.9077458659704091,0.25383898615837097
0.37445630684064846,0.9077458659704091,0.24904018640518188
0.37445630684064846,0.9094865100087032,0.24791444838047028
0.37841043890865955,0.9094865100087032,0.24400922656059265
0.37841043890865955,0.9103568320278503,0.2436695545911789
0.3803875049426651,0.9103568320278503,0.24233146011829376
0.3803875049426651,0.9112271540469974,0.2419799268245697
0.38275998418347174,0.9112271540469974,0.2378418743610382
0.38275998418347174,0.9120974760661444,0.23737595975399017
0.3859232898378806,0.9120974760661444,0.23386628925800323
0.3859232898378806,0.9138381201044387,0.23290859162807465
0.3879003558718861,0.9138381201044387,0.23148098587989807
0.3879003558718861,0.9164490861618799,0.23036745190620422
0.38948200869909055,0.9164490861618799,0.22951383888721466
0.38948200869909055,0.917319408181027,0.2290496975183487
0.38987742190589164,0.917319408181027,0.22852973639965057
0.38987742190589164,0.918189730200174,0.2285066694021225
0.39106366152629496,0.918189730200174,0.22720345854759216
0.39106366152629496,0.9208006962576153,0.2253105640411377
0.39501779359430605,0.9208006962576153,0.2209124118089676
0.39501779359430605,0.9216710182767625,0.22031277418136597
0.39541320680110714,0.9216710182767625,0.22016416490077972
0.39541320680110714,0.9225413402959095,0.21994179487228394
0.3962040332147094,0.9225413402959095,0.21926000714302063
0.3962040332147094,0.9234116623150566,0.21810491383075714
0.3981810992487149,0.9234116623150566,0.2162678986787796
0.3981810992487149,0.9242819843342036,0.21602840721607208
0.3997627520759193,0.9242819843342036,0.21358628571033478
0.3997627520759193,0.9251523063533508,0.21319644153118134
0.40015816528272047,0.9251523063533508,0.21260221302509308
0.40015816528272047,0.9260226283724978,0.21226200461387634
0.4017398181099249,0.9260226283724978,0.2108435481786728
0.4017398181099249,0.9268929503916449,0.2107553631067276
0.4041122973507315,0.9268929503916449,0.20709499716758728
0.4041122973507315,0.927763272410792,0.20677636563777924
0.4045077105575326,0.927763272410792,0.20656776428222656
0.4045077105575326,0.9286335944299391,0.20654268562793732
0.40490312376433374,0.9286335944299391,0.20629370212554932
0.40490312376433374,0.9295039164490861,0.20628885924816132
0.40608936338473706,0.9295039164490861,0.20490100979804993
0.40608936338473706,0.9303742384682332,0.20469726622104645
0.4084618426255437,0.9303742384682332,0.19969342648983002
0.4084618426255437,0.9312445604873804,0.19951240718364716
0.4124159746935548,0.9312445604873804,0.19512952864170074
0.4124159746935548,0.9321148825065274,0.19412006437778473
0.41320680110715696,0.9321148825065274,0.19319409132003784
0.41320680110715696,0.9329852045256745,0.1919010430574417
0.4136022143139581,0.9329852045256745,0.19089457392692566
0.4136022143139581,0.9347258485639687,0.1889074444770813
0.4143930407275603,0.9347258485639687,0.18854403495788574
0.4143930407275603,0.9355961705831157,0.18853281438350677
0.41597469355476474,0.9355961705831157,0.18731415271759033
0.41597469355476474,0.9364664926022629,0.18614937365055084
0.41755634638196915,0.9364664926022629,0.18437327444553375
0.41755634638196915,0.9373368146214099,0.1841457337141037
0.4203242388295769,0.9373368146214099,0.18190932273864746
0.4203242388295769,0.938207136640557,0.18146075308322906
0.420719652036378,0.938207136640557,0.1811637431383133
0.420719652036378,0.939077458659704,0.1800924688577652
0.4211150652431791,0.939077458659704,0.1799013465642929
0.4211150652431791,0.9408181026979983,0.1791982501745224
0.42269671807038356,0.9408181026979983,0.17580047249794006
0.42269671807038356,0.9425587467362925,0.1743692308664322
0.4238829576907869,0.9425587467362925,0.173322394490242
0.4238829576907869,0.9434290687554395,0.172033429145813
0.4254646105179913,0.9434290687554395,0.17143644392490387
0.4254646105179913,0.9442993907745866,0.17123743891716003
0.4266508501383946,0.9442993907745866,0.1694357544183731
0.4266508501383946,0.9451697127937336,0.16932688653469086
0.42744167655199683,0.9451697127937336,0.16874048113822937
0.42744167655199683,0.9460400348128808,0.1680574119091034
0.43258204824041124,0.9460400348128808,0.16146893799304962
0.43258204824041124,0.9469103568320278,0.16082344949245453
0.43416370106761565,0.9469103568320278,0.16036777198314667
0.43416370106761565,0.9477806788511749,0.1590868979692459
0.43534994068801897,0.9477806788511749,0.15627434849739075
0.43534994068801897,0.9486510008703221,0.15596327185630798
0.4424673784104389,0.9486510008703221,0.1487005352973938
0.4424673784104389,0.9503916449086162,0.14802929759025574
0.44523527085804665,0.9503916449086162,0.14488492906093597
0.44523527085804665,0.9512619669277633,0.14475885033607483
0.4483985765124555,0.9512619669277633,0.14238397777080536
0.4483985765124555,0.9521322889469104,0.14207881689071655
0.4487939897192566,0.9521322889469104,0.14175765216350555
0.4487939897192566,0.9530026109660574,0.1413336545228958
0.44958481613285883,0.9530026109660574,0.14105454087257385
0.44958481613285883,0.9538729329852045,0.14040984213352203
0.4527481217872677,0.9538729329852045,0.13770577311515808
0.4527481217872677,0.9547432550043516,0.1376911997795105
0.45630684064847765,0.9547432550043516,0.13390126824378967
0.45630684064847765,0.9564838990426457,0.13365007936954498
0.4570976670620799,0.9564838990426457,0.13272792100906372
0.4570976670620799,0.9573542210617929,0.13259468972682953
0.4610517991300909,0.9573542210617929,0.1275894194841385
0.4610517991300909,0.95822454308094,0.12722502648830414
0.46223803875049424,0.95822454308094,0.12692371010780334
0.46223803875049424,0.9599651871192341,0.12657518684864044
0.46302886516409647,0.9599651871192341,0.12607638537883759
0.46302886516409647,0.9608355091383812,0.12585286796092987
0.46461051799130093,0.9608355091383812,0.1244121864438057
0.46461051799130093,0.9617058311575283,0.12404591590166092
0.4697508896797153,0.9617058311575283,0.12156448513269424
0.4697508896797153,0.9634464751958225,0.12070561945438385
0.4705417160933175,0.9634464751958225,0.12007050961256027
0.4705417160933175,0.9643167972149695,0.11995138227939606
0.47133254250691975,0.9643167972149695,0.11920347809791565
0.47133254250691975,0.9651871192341166,0.1191846951842308
0.4721233689205219,0.9651871192341166,0.11833028495311737
0.4721233689205219,0.9660574412532638,0.11808006465435028
0.47251878212732307,0.9660574412532638,0.11797386407852173
0.47251878212732307,0.9669277632724108,0.11789742112159729
0.47291419533412415,0.9669277632724108,0.11778189986944199
0.47291419533412415,0.9677980852915579,0.1174064502120018
0.47410043495452747,0.9677980852915579,0.11638166755437851
0.47410043495452747,0.9686684073107049,0.1162804439663887
0.48240411229735075,0.9686684073107049,0.11108168214559555
0.48240411229735075,0.9695387293298521,0.11057662218809128
0.4851720047449585,0.9695387293298521,0.10902348905801773
0.4851720047449585,0.9704090513489991,0.1082063689827919
0.48991696322657174,0.9704090513489991,0.10366233438253403
0.48991696322657174,0.9712793733681462,0.10351166874170303
0.4903123764333729,0.9712793733681462,0.1034771203994751
0.4903123764333729,0.9721496953872933,0.10327109694480896
0.4918940292605773,0.9721496953872933,0.10191589593887329
0.4918940292605773,0.9730200174064404,0.10184822976589203
0.49228944246737844,0.9730200174064404,0.10176350176334381
0.49228944246737844,0.9747606614447345,0.10129924863576889
0.4926848556741795,0.9747606614447345,0.10089430212974548
0.4926848556741795,0.9756309834638817,0.10075613856315613
0.49347568208778175,0.9756309834638817,0.09864924848079681
0.49347568208778175,0.9765013054830287,0.0982002541422844
0.4974298141557928,0.9765013054830287,0.09627535194158554
0.4974298141557928,0.9773716275021758,0.09627429395914078
0.498220640569395,0.9773716275021758,0.09571531414985657
0.498220640569395,0.9782419495213229,0.09478910267353058
0.501779359430605,0.9782419495213229,0.09091216325759888
0.501779359430605,0.979982593559617,0.0905170887708664
0.5041518386714117,0.979982593559617,0.08891943842172623
0.5041518386714117,0.9808529155787642,0.08852864056825638
0.5219454329774614,0.9808529155787642,0.07727446407079697
0.5219454329774614,0.9817232375979112,0.07695795595645905
0.5247133254250692,0.9817232375979112,0.07591015845537186
0.5247133254250692,0.9825935596170583,0.07559400796890259
0.531435349940688,0.9825935596170583,0.07163640856742859
0.531435349940688,0.9834638816362054,0.0711563378572464
0.538948200869909,0.9834638816362054,0.06767433881759644
0.538948200869909,0.9843342036553525,0.06765545904636383
0.5539739027283511,0.9843342036553525,0.06062142178416252
0.5539739027283511,0.9852045256744996,0.060606494545936584
0.5543693159351523,0.9852045256744996,0.060496386140584946
0.5543693159351523,0.9860748476936466,0.06038399413228035
0.5895610913404508,0.9860748476936466,0.04584886133670807
0.5895610913404508,0.9869451697127938,0.0458359532058239
0.5907473309608541,0.9869451697127938,0.0456184521317482
0.5907473309608541,0.9878154917319408,0.04553873836994171
0.5915381573744563,0.9878154917319408,0.04544344171881676
0.5915381573744563,0.9886858137510879,0.04537676274776459
0.6037959667852907,0.9886858137510879,0.041991204023361206
0.6037959667852907,0.9895561357702349,0.04189319536089897
0.620007908264136,0.9895561357702349,0.036597128957509995
0.620007908264136,0.9904264577893821,0.03659144788980484
0.6263345195729537,0.9904264577893821,0.0351237915456295
0.6263345195729537,0.9912967798085291,0.03512156754732132
0.6279161724001582,0.9912967798085291,0.03491752967238426
0.6279161724001582,0.9921671018276762,0.034875452518463135
0.6362198497429814,0.9921671018276762,0.033450499176979065
0.6362198497429814,0.9930374238468234,0.03338734060525894
0.6374060893633847,0.9930374238468234,0.032694052904844284
0.6374060893633847,0.9939077458659704,0.03268323093652725
0.6579675761170423,0.9939077458659704,0.02920542098581791
0.6579675761170423,0.9947780678851175,0.029189901426434517
0.6722024515618822,0.9947780678851175,0.027247129008173943
0.6729932779754844,0.9947780678851175,0.027224520221352577
0.6856465005931198,0.9947780678851175,0.024595700204372406
0.6856465005931198,0.9956483899042646,0.024569818750023842
0.6919731119019376,0.9956483899042646,0.02387622557580471
0.6919731119019376,0.9965187119234117,0.0238188523799181
0.7224199288256228,0.9965187119234117,0.019389202818274498
0.7224199288256228,0.9973890339425587,0.019196366891264915
0.7512850929221035,0.9973890339425587,0.015106219798326492
0.7512850929221035,0.9982593559617058,0.015057600103318691
0.8189007512850929,0.9982593559617058,0.007651944179087877
0.8189007512850929,0.999129677980853,0.0075955078937113285
0.856069592724397,0.999129677980853,0.00379821565002203
0.8572558323448003,0.999129677980853,0.0037604800891131163
0.8679319889284303,0.999129677980853,0.0029411553405225277
0.8691182285488336,0.999129677980853,0.00291692023165524
0.8841439304072756,0.999129677980853,0.0020928303711116314
0.8849347568208779,0.999129677980853,0.0020713687408715487
0.9141953341241598,0.999129677980853,0.0012279259972274303
0.9141953341241598,1.0,0.0012267435668036342
1.0,1.0,2.4226081222877838e-05
